name,type,contact_person,phone,email,address,credit_score,id,created_at,updated_at,is_deleted
宋系统,supplier,刘璐,15156045738,partner0@company.com,台湾省淮安市长寿沈阳路I座 622021,60,1,2025-11-25 20:27:24.581269,2025-11-25 20:27:24.581272,0
金重工,supplier,陈俊,18054587162,partner1@company.com,西藏自治区南宁县白云广州街a座 489111,65,2,2025-11-25 20:27:24.581274,2025-11-25 20:27:24.581275,0
邱系统,supplier,刘丽华,18076769637,partner2@company.com,香港特别行政区上海县牧野邢街i座 513479,82,3,2025-11-25 20:27:24.581276,2025-11-25 20:27:24.581277,0
伏网络,supplier,张文,18529093032,partner3@company.com,新疆维吾尔自治区婷婷市大东包路Y座 330270,66,4,2025-11-25 20:27:24.581279,2025-11-25 20:27:24.581280,0
陈矩阵,customer,李丽娟,18140423302,partner4@company.com,辽宁省桂珍县合川汕尾街M座 576879,73,5,2025-11-25 20:27:24.581281,2025-11-25 20:27:24.581282,0
郑矩阵,supplier,揭艳,13349261317,partner5@company.com,陕西省柳州县龙潭台北街e座 505443,95,6,2025-11-25 20:27:24.581283,2025-11-25 20:27:24.581284,0
陈防务,customer,许秀云,15932645374,partner6@company.com,江苏省梅县华龙海门路e座 505803,84,7,2025-11-25 20:27:24.581285,2025-11-25 20:27:24.581286,0
张生物科技,supplier,高文,18622018127,partner7@company.com,海南省拉萨市梁平梧州路T座 809665,98,8,2025-11-25 20:27:24.581287,2025-11-25 20:27:24.581288,0
孙工业,customer,翟超,18701514859,partner8@company.com,重庆市太原市永川魏街p座 831043,87,9,2025-11-25 20:27:24.581289,2025-11-25 20:27:24.581290,0
李矩阵,supplier,阎红霞,13335061475,partner9@company.com,山西省长沙县崇文王路K座 160646,71,10,2025-11-25 20:27:24.581291,2025-11-25 20:27:24.581292,0
姚动力,customer,刘帆,15566005834,partner10@company.com,山西省兰英市房山太原路y座 163669,100,11,2025-11-25 20:27:24.581294,2025-11-25 20:27:24.581295,0
韩矩阵,customer,孙秀云,13795235844,partner11@company.com,江苏省浩市双滦长春街A座 878333,87,12,2025-11-25 20:27:24.581296,2025-11-25 20:27:24.581297,0
梁重工,customer,萧亮,15692557416,partner12@company.com,澳门特别行政区广州县崇文李街b座 808116,80,13,2025-11-25 20:27:24.581298,2025-11-25 20:27:24.581299,0
李系统,customer,黄桂香,14507717147,partner13@company.com,江苏省广州县沙市佛山街Q座 315843,91,14,2025-11-25 20:27:24.581300,2025-11-25 20:27:24.581301,0
许矩阵,supplier,周丹丹,15382521252,partner14@company.com,河南省柳市怀柔何路I座 716111,94,15,2025-11-25 20:27:24.581302,2025-11-25 20:27:24.581303,0
官探索公司,customer,李军,13952349407,partner15@company.com,内蒙古自治区银川县城东大冶路j座 906351,80,16,2025-11-25 20:27:24.581304,2025-11-25 20:27:24.581305,0
陈系统,supplier,马桂珍,13758359694,partner16@company.com,上海市小红县平山周路G座 369513,73,17,2025-11-25 20:27:24.581307,2025-11-25 20:27:24.581308,0
廖生物科技,supplier,钱伟,18009550583,partner17@company.com,广东省建县平山哈尔滨街l座 185237,75,18,2025-11-25 20:27:24.581309,2025-11-25 20:27:24.581310,0
游防务,supplier,胡丽丽,13878500118,partner18@company.com,青海省娟市黄浦杜路y座 187662,65,19,2025-11-25 20:27:24.581311,2025-11-25 20:27:24.581312,0
龚网络,supplier,谢利,18935314233,partner19@company.com,北京市西宁县南长香港街U座 596376,98,20,2025-11-25 20:27:24.581313,2025-11-25 20:27:24.581314,0
刘探索公司,supplier,王金凤,13007499397,partner20@company.com,辽宁省超市高坪太原路R座 431790,78,21,2025-11-25 20:27:24.581315,2025-11-25 20:27:24.581316,0
欧网络,supplier,马琴,15330684611,partner21@company.com,新疆维吾尔自治区宜都县高港福州路x座 507105,87,22,2025-11-25 20:27:24.581317,2025-11-25 20:27:24.581318,0
李探索公司,customer,陆艳,15609136493,partner22@company.com,澳门特别行政区乌鲁木齐市萧山萧路f座 565287,69,23,2025-11-25 20:27:24.581319,2025-11-25 20:27:24.581320,0
杨重工,supplier,罗勇,14514244522,partner23@company.com,广东省柳州县牧野汕尾街P座 409401,90,24,2025-11-25 20:27:24.581321,2025-11-25 20:27:24.581322,0
陆实验室,supplier,马楠,18880670050,partner24@company.com,广东省坤县牧野刘街E座 396352,79,25,2025-11-25 20:27:24.581324,2025-11-25 20:27:24.581325,0
谢联合体,customer,曹琳,18784417986,partner25@company.com,福建省辽阳县南湖余街l座 123125,100,26,2025-11-25 20:27:24.581326,2025-11-25 20:27:24.581327,0
罗防务,customer,朱荣,13908347096,partner26@company.com,贵州省桂兰县永川李街l座 291311,100,27,2025-11-25 20:27:24.581328,2025-11-25 20:27:24.581329,0
王网络,supplier,陈秀珍,14561500697,partner27@company.com,新疆维吾尔自治区波市城东杨路z座 548375,84,28,2025-11-25 20:27:24.581330,2025-11-25 20:27:24.581331,0
刘联合体,supplier,赵秀梅,15756276406,partner28@company.com,湖北省乌鲁木齐市普陀台北街p座 666171,78,29,2025-11-25 20:27:24.581332,2025-11-25 20:27:24.581333,0
杨防务,supplier,邓兰英,15007511009,partner29@company.com,黑龙江省昆明市西夏宁德路s座 560874,96,30,2025-11-25 20:27:24.581334,2025-11-25 20:27:24.581335,0
冯实验室,customer,刘斌,15233515541,partner30@company.com,辽宁省岩县蓟州南宁街b座 203273,67,31,2025-11-25 20:27:24.581336,2025-11-25 20:27:24.581337,0
余重工,supplier,石玲,15000144629,partner31@company.com,福建省丽丽县清河张路A座 433041,74,32,2025-11-25 20:27:24.581338,2025-11-25 20:27:24.581339,0
胡矩阵,supplier,陈柳,18064744586,partner32@company.com,云南省嘉禾市清河刘街s座 393614,76,33,2025-11-25 20:27:24.581340,2025-11-25 20:27:24.581341,0
李矩阵,supplier,王岩,18086900801,partner33@company.com,香港特别行政区桂花县华龙符街Z座 610076,90,34,2025-11-25 20:27:24.581343,2025-11-25 20:27:24.581344,0
宋矩阵,supplier,汪秀荣,15925604823,partner34@company.com,澳门特别行政区惠州市浔阳梧州街z座 764498,65,35,2025-11-25 20:27:24.581345,2025-11-25 20:27:24.581346,0
张系统,customer,刘淑英,13541748916,partner35@company.com,山东省华市上街深圳街N座 716712,96,36,2025-11-25 20:27:24.581347,2025-11-25 20:27:24.581348,0
任联合体,supplier,张艳,18678049198,partner36@company.com,香港特别行政区艳市龙潭成都街B座 777736,64,37,2025-11-25 20:27:24.581349,2025-11-25 20:27:24.581350,0
张联合体,customer,崔红梅,15829433492,partner37@company.com,山西省辉市魏都昆明路W座 313680,64,38,2025-11-25 20:27:24.581351,2025-11-25 20:27:24.581352,0
黄联合体,customer,郑海燕,13772730031,partner38@company.com,山东省娟县吉区通辽街U座 532521,68,39,2025-11-25 20:27:24.581353,2025-11-25 20:27:24.581354,0
姚重工,supplier,乔芳,18889960588,partner39@company.com,云南省宜都县高明林路M座 500935,93,40,2025-11-25 20:27:24.581355,2025-11-25 20:27:24.581356,0
蒋工业,customer,王红,13078376982,partner40@company.com,海南省刚县白云庄街Z座 778689,97,41,2025-11-25 20:27:24.581357,2025-11-25 20:27:24.581358,0
庄网络,supplier,王柳,15114110071,partner41@company.com,广东省桂兰市静安崔街N座 432014,82,42,2025-11-25 20:27:24.581359,2025-11-25 20:27:24.581360,0
黄系统,customer,吴雪梅,14584403233,partner42@company.com,广东省汕尾县南溪李街H座 518989,71,43,2025-11-25 20:27:24.581361,2025-11-25 20:27:24.581362,0
张动力,customer,周玲,15088477567,partner43@company.com,黑龙江省涛市魏都乌鲁木齐路K座 560338,82,44,2025-11-25 20:27:24.581364,2025-11-25 20:27:24.581365,0
陈动力,supplier,刘平,15937775343,partner44@company.com,贵州省秀华县友好郑街N座 725708,85,45,2025-11-25 20:27:24.581366,2025-11-25 20:27:24.581367,0
陈防务,supplier,周秀珍,13937291277,partner45@company.com,海南省桂珍市六枝特太原路e座 375346,71,46,2025-11-25 20:27:24.581368,2025-11-25 20:27:24.581369,0
尧重工,customer,唐金凤,15910247349,partner46@company.com,江西省志强县金平合山路u座 753091,88,47,2025-11-25 20:27:24.581370,2025-11-25 20:27:24.581371,0
马实验室,supplier,赵杰,15299497059,partner47@company.com,香港特别行政区永安市金平阜新路W座 156491,95,48,2025-11-25 20:27:24.581372,2025-11-25 20:27:24.581373,0
耿生物科技,supplier,季婷,18122431095,partner48@company.com,北京市文市长寿台北街A座 240742,67,49,2025-11-25 20:27:24.581374,2025-11-25 20:27:24.581375,0
冯工业,supplier,成雷,15546931750,partner49@company.com,澳门特别行政区东县黄浦巢湖街r座 275122,66,50,2025-11-25 20:27:24.581376,2025-11-25 20:27:24.581377,0
王探索公司,supplier,刘欣,18708926466,partner50@company.com,贵州省浩市涪城黄街Q座 443233,68,51,2025-11-25 20:27:24.581378,2025-11-25 20:27:24.581379,0
孙动力,supplier,谷明,18959808459,partner51@company.com,广西壮族自治区颖县大兴江街w座 763992,100,52,2025-11-25 20:27:24.581380,2025-11-25 20:27:24.581381,0
石生物科技,supplier,费建,15533078721,partner52@company.com,福建省婷市沈北新哈尔滨街E座 913703,72,53,2025-11-25 20:27:24.581383,2025-11-25 20:27:24.581384,0
孟联合体,supplier,杨燕,18776942619,partner53@company.com,宁夏回族自治区天津市兴山西宁路n座 917470,92,54,2025-11-25 20:27:24.581385,2025-11-25 20:27:24.581386,0
杨矩阵,supplier,方丹,18292822753,partner54@company.com,广西壮族自治区汕尾市海陵南宁街o座 434769,65,55,2025-11-25 20:27:24.581387,2025-11-25 20:27:24.581388,0
孙探索公司,customer,王桂芳,18237719059,partner55@company.com,广东省阜新市滨城六安街i座 181622,92,56,2025-11-25 20:27:24.581389,2025-11-25 20:27:24.581391,0
李工业,supplier,熊淑兰,15914166423,partner56@company.com,山西省志强县翔安任路J座 264257,67,57,2025-11-25 20:27:24.581392,2025-11-25 20:27:24.581393,0
孙防务,supplier,牛坤,18748043970,partner57@company.com,新疆维吾尔自治区香港市龙潭潘路n座 847344,62,58,2025-11-25 20:27:24.581394,2025-11-25 20:27:24.581395,0
杨系统,customer,崔玉,13123241411,partner58@company.com,黑龙江省西安市沈河王街q座 442197,99,59,2025-11-25 20:27:24.581396,2025-11-25 20:27:24.581397,0
胡联合体,supplier,杨建平,14576874321,partner59@company.com,北京市鑫县丰都嘉禾街f座 478769,89,60,2025-11-25 20:27:24.581398,2025-11-25 20:27:24.581399,0
许工业,supplier,万秀云,13520496754,partner60@company.com,澳门特别行政区南昌县蓟州张家港路j座 928648,89,61,2025-11-25 20:27:24.581401,2025-11-25 20:27:24.581402,0
黄生物科技,customer,高成,15133437108,partner61@company.com,福建省柳市清城汕尾路t座 806261,76,62,2025-11-25 20:27:24.581403,2025-11-25 20:27:24.581404,0
田生物科技,customer,陆霞,13959748939,partner62@company.com,山西省峰市友好郭街H座 636608,96,63,2025-11-25 20:27:24.581405,2025-11-25 20:27:24.581406,0
佟动力,customer,朱莹,15544239493,partner63@company.com,福建省小红县清浦佛山街W座 510527,75,64,2025-11-25 20:27:24.581407,2025-11-25 20:27:24.581408,0
胡防务,supplier,张宇,15907350715,partner64@company.com,内蒙古自治区帆县房山顾街A座 119138,74,65,2025-11-25 20:27:24.581409,2025-11-25 20:27:24.581411,0
马联合体,supplier,邢柳,15067645713,partner65@company.com,福建省合肥县清河东莞街p座 913862,73,66,2025-11-25 20:27:24.581412,2025-11-25 20:27:24.581413,0
余实验室,supplier,刘丽娟,15384910503,partner66@company.com,陕西省海门县海港长沙路L座 179103,64,67,2025-11-25 20:27:24.581414,2025-11-25 20:27:24.581415,0
郭工业,supplier,曾红霞,18031953020,partner67@company.com,浙江省丽娟市江北天津路z座 803371,90,68,2025-11-25 20:27:24.581416,2025-11-25 20:27:24.581417,0
程矩阵,customer,李婷,13061659041,partner68@company.com,台湾省俊县闵行周路a座 636668,99,69,2025-11-25 20:27:24.581418,2025-11-25 20:27:24.581419,0
陈矩阵,customer,张淑华,18966211261,partner69@company.com,重庆市太原县长寿银川街u座 128417,73,70,2025-11-25 20:27:24.581421,2025-11-25 20:27:24.581422,0
王动力,supplier,毛伟,18155413068,partner70@company.com,甘肃省大冶县大东大冶路Q座 988384,96,71,2025-11-25 20:27:24.581423,2025-11-25 20:27:24.581424,0
唐系统,supplier,梁宇,13318778277,partner71@company.com,天津市华县朝阳乌鲁木齐街O座 545857,93,72,2025-11-25 20:27:24.581425,2025-11-25 20:27:24.581426,0
赵重工,customer,林健,18872844731,partner72@company.com,福建省通辽市淄川张路V座 818637,69,73,2025-11-25 20:27:24.581428,2025-11-25 20:27:24.581429,0
刘联合体,customer,王建平,13679287928,partner73@company.com,北京市超县大东刘路B座 891230,70,74,2025-11-25 20:27:24.581430,2025-11-25 20:27:24.581431,0
黎动力,customer,周欢,18862345065,partner74@company.com,湖南省阜新县普陀王路W座 996775,72,75,2025-11-25 20:27:24.581432,2025-11-25 20:27:24.581433,0
罗网络,supplier,李勇,13050388534,partner75@company.com,陕西省芳县梁平古街K座 112383,99,76,2025-11-25 20:27:24.581434,2025-11-25 20:27:24.581435,0
宋系统,supplier,宋辉,13703364295,partner76@company.com,海南省海口县秀英赖路y座 317120,100,77,2025-11-25 20:27:24.581436,2025-11-25 20:27:24.581437,0
曹联合体,supplier,高莹,13845810175,partner77@company.com,北京市淑英县大东陈路R座 319135,85,78,2025-11-25 20:27:24.581438,2025-11-25 20:27:24.581439,0
魏矩阵,supplier,庄玉,13608166675,partner78@company.com,河南省兴城县沙湾大冶路i座 228358,72,79,2025-11-25 20:27:24.581440,2025-11-25 20:27:24.581441,0
潘联合体,customer,尉超,14549650366,partner79@company.com,四川省鑫市翔安易路A座 731811,74,80,2025-11-25 20:27:24.581443,2025-11-25 20:27:24.581444,0
王实验室,supplier,吴秀芳,15057942199,partner80@company.com,河南省雪梅县南溪太原街Z座 669119,66,81,2025-11-25 20:27:24.581445,2025-11-25 20:27:24.581446,0
宿矩阵,supplier,陈刚,13400295432,partner81@company.com,青海省银川市六枝特海口路D座 276482,80,82,2025-11-25 20:27:24.581447,2025-11-25 20:27:24.581448,0
柯探索公司,customer,蔡华,15082283771,partner82@company.com,湖北省齐齐哈尔县山亭孙路z座 304564,94,83,2025-11-25 20:27:24.581449,2025-11-25 20:27:24.581450,0
张生物科技,customer,赵博,18242055783,partner83@company.com,上海市桂兰市城东荆门街K座 973107,76,84,2025-11-25 20:27:24.581451,2025-11-25 20:27:24.581452,0
刘探索公司,customer,黄亮,13357501455,partner84@company.com,湖南省六安市沈北新马街P座 165468,86,85,2025-11-25 20:27:24.581453,2025-11-25 20:27:24.581454,0
冯矩阵,supplier,范静,15184259649,partner85@company.com,北京市建华市魏都长沙路P座 457918,77,86,2025-11-25 20:27:24.581456,2025-11-25 20:27:24.581457,0
朱矩阵,supplier,周瑜,15047277835,partner86@company.com,吉林省秀梅县海港马路B座 284150,79,87,2025-11-25 20:27:24.581458,2025-11-25 20:27:24.581459,0
李重工,customer,陈秀英,15750012987,partner87@company.com,吉林省兴城县蓟州济南路U座 431788,65,88,2025-11-25 20:27:24.581460,2025-11-25 20:27:24.581461,0
陶系统,customer,张桂兰,13045882752,partner88@company.com,湖北省辛集县丰都香港街I座 387394,66,89,2025-11-25 20:27:24.581462,2025-11-25 20:27:24.581463,0
潘联合体,supplier,潘丹,13807448731,partner89@company.com,甘肃省鹏县友好杜街S座 151120,86,90,2025-11-25 20:27:24.581464,2025-11-25 20:27:24.581465,0
刘联合体,customer,吴秀华,18065139029,partner90@company.com,吉林省杨市东城关岭街N座 746424,79,91,2025-11-25 20:27:24.581466,2025-11-25 20:27:24.581467,0
宋实验室,supplier,李楠,15579762508,partner91@company.com,北京市敏县萧山张街N座 369037,67,92,2025-11-25 20:27:24.581468,2025-11-25 20:27:24.581469,0
李重工,supplier,许婷,13326725394,partner92@company.com,四川省福州县清河曾街a座 755413,93,93,2025-11-25 20:27:24.581470,2025-11-25 20:27:24.581471,0
佘实验室,supplier,张伟,18743584988,partner93@company.com,上海市斌县海港康街i座 945857,62,94,2025-11-25 20:27:24.581473,2025-11-25 20:27:24.581474,0
唐生物科技,supplier,阮金凤,15381889846,partner94@company.com,安徽省娟市华龙杨路Q座 537927,69,95,2025-11-25 20:27:24.581475,2025-11-25 20:27:24.581476,0
艾探索公司,supplier,孙敏,13059655688,partner95@company.com,山东省南宁县友好马鞍山路n座 762746,75,96,2025-11-25 20:27:24.581477,2025-11-25 20:27:24.581478,0
侯联合体,supplier,谢磊,18137595377,partner96@company.com,贵州省柳市怀柔成都街L座 449872,61,97,2025-11-25 20:27:24.581479,2025-11-25 20:27:24.581480,0
姜联合体,supplier,李鑫,13140519468,partner97@company.com,天津市林市孝南银川路o座 799600,71,98,2025-11-25 20:27:24.581481,2025-11-25 20:27:24.581482,0
胡联合体,customer,侯梅,13005329479,partner98@company.com,浙江省桂香县大东徐街b座 146962,85,99,2025-11-25 20:27:24.581483,2025-11-25 20:27:24.581484,0
李生物科技,supplier,罗岩,18795870807,partner99@company.com,吉林省潮州县牧野梧州路X座 437855,88,100,2025-11-25 20:27:24.581485,2025-11-25 20:27:24.581486,0
鞠矩阵,customer,阎建华,13158350565,partner100@company.com,上海市济南县南长南京路a座 759375,96,101,2025-11-25 20:27:24.581487,2025-11-25 20:27:24.581488,0
谭生物科技,customer,徐淑珍,14522077427,partner101@company.com,重庆市六安县上街沈阳路O座 366277,70,102,2025-11-25 20:27:24.581490,2025-11-25 20:27:24.581491,0
高动力,customer,黄兰英,15162130772,partner102@company.com,福建省晶县翔安汤路O座 271830,73,103,2025-11-25 20:27:24.581492,2025-11-25 20:27:24.581493,0
何重工,customer,邬婷,13767984174,partner103@company.com,香港特别行政区霞市永川刘街h座 713787,63,104,2025-11-25 20:27:24.581494,2025-11-25 20:27:24.581495,0
贾重工,supplier,翁亮,15849024066,partner104@company.com,福建省潮州市清城吴街P座 889592,84,105,2025-11-25 20:27:24.581496,2025-11-25 20:27:24.581497,0
唐系统,supplier,陈欢,18872650937,partner105@company.com,江苏省呼和浩特市黄浦南宁路Y座 130394,73,106,2025-11-25 20:27:24.581498,2025-11-25 20:27:24.581499,0
黄系统,supplier,张超,18596716865,partner106@company.com,江西省丽华市海陵哈尔滨街I座 492131,90,107,2025-11-25 20:27:24.581500,2025-11-25 20:27:24.581501,0
杨系统,supplier,陈婷,15920342708,partner107@company.com,重庆市桂香市长寿冯街T座 824970,74,108,2025-11-25 20:27:24.581502,2025-11-25 20:27:24.581503,0
李矩阵,customer,魏玉珍,15268765713,partner108@company.com,天津市兰英县东城黄街o座 777898,76,109,2025-11-25 20:27:24.581505,2025-11-25 20:27:24.581505,0
黄矩阵,supplier,刘芳,13844720258,partner109@company.com,安徽省刚县沈河宁德街g座 107255,68,110,2025-11-25 20:27:24.581507,2025-11-25 20:27:24.581508,0
罗系统,supplier,黎柳,18128838710,partner110@company.com,台湾省秀兰县兴山夏路Q座 286327,92,111,2025-11-25 20:27:24.581509,2025-11-25 20:27:24.581510,0
李动力,customer,蒋凤兰,18730724740,partner111@company.com,江西省林市清河桂路v座 278879,71,112,2025-11-25 20:27:24.581511,2025-11-25 20:27:24.581512,0
刘实验室,supplier,赵帆,13644337150,partner112@company.com,山东省东市涪城永安路t座 325837,64,113,2025-11-25 20:27:24.581513,2025-11-25 20:27:24.581514,0
魏生物科技,customer,王莉,15263247217,partner113@company.com,河南省辛集县兴山沈阳街d座 521444,63,114,2025-11-25 20:27:24.581515,2025-11-25 20:27:24.581516,0
何系统,customer,杨杰,15874626534,partner114@company.com,吉林省沈阳县清城淮安街t座 445060,98,115,2025-11-25 20:27:24.581517,2025-11-25 20:27:24.581518,0
张探索公司,supplier,汤波,13329913464,partner115@company.com,山东省济南市魏都陈路U座 118317,63,116,2025-11-25 20:27:24.581519,2025-11-25 20:27:24.581520,0
张防务,supplier,盛静,14523782061,partner116@company.com,福建省柳州市清河马街D座 257502,67,117,2025-11-25 20:27:24.581521,2025-11-25 20:27:24.581522,0
李生物科技,customer,谢荣,15553928337,partner117@company.com,宁夏回族自治区六盘水市西峰成都路l座 416978,73,118,2025-11-25 20:27:24.581523,2025-11-25 20:27:24.581524,0
赵实验室,supplier,王秀云,14760134940,partner118@company.com,黑龙江省荆门市普陀赵街Z座 739693,75,119,2025-11-25 20:27:24.581526,2025-11-25 20:27:24.581527,0
张生物科技,supplier,周畅,14545583180,partner119@company.com,广西壮族自治区桂芝市高明朱路u座 637132,63,120,2025-11-25 20:27:24.581528,2025-11-25 20:27:24.581529,0
徐生物科技,customer,石晶,13937839729,partner120@company.com,河北省玉华县清河梁街c座 155517,81,121,2025-11-25 20:27:24.581530,2025-11-25 20:27:24.581531,0
郑网络,supplier,董伟,18796608854,partner121@company.com,吉林省龙县丰都平路L座 850029,76,122,2025-11-25 20:27:24.581532,2025-11-25 20:27:24.581533,0
巩防务,customer,潘峰,14547963840,partner122@company.com,新疆维吾尔自治区柳县高明宋路C座 133300,96,123,2025-11-25 20:27:24.581534,2025-11-25 20:27:24.581535,0
邹生物科技,supplier,徐佳,15927475142,partner123@company.com,台湾省军县牧野李街x座 232344,92,124,2025-11-25 20:27:24.581536,2025-11-25 20:27:24.581537,0
高动力,supplier,徐洋,15987251955,partner124@company.com,西藏自治区北镇市南溪关岭街A座 430972,97,125,2025-11-25 20:27:24.581538,2025-11-25 20:27:24.581539,0
傅矩阵,customer,王丽丽,14773256119,partner125@company.com,广东省静市东城贵阳路u座 124420,86,126,2025-11-25 20:27:24.581540,2025-11-25 20:27:24.581541,0
董防务,supplier,邱玉梅,18914873629,partner126@company.com,辽宁省武汉市沈北新齐齐哈尔路P座 763314,97,127,2025-11-25 20:27:24.581542,2025-11-25 20:27:24.581544,0
贺动力,customer,桑峰,13852708838,partner127@company.com,海南省龙市涪城汕尾路J座 728310,84,128,2025-11-25 20:27:24.581545,2025-11-25 20:27:24.581546,0
王生物科技,customer,杨伟,13003949823,partner128@company.com,台湾省东莞县秀英刘街F座 756457,97,129,2025-11-25 20:27:24.581547,2025-11-25 20:27:24.581548,0
孙联合体,supplier,向建平,18027447627,partner129@company.com,台湾省广州市合川向街E座 390343,80,130,2025-11-25 20:27:24.581549,2025-11-25 20:27:24.581550,0
李防务,customer,徐玉华,15867815473,partner130@company.com,重庆市涛县双滦黄街V座 603374,73,131,2025-11-25 20:27:24.581551,2025-11-25 20:27:24.581552,0
杨矩阵,customer,向桂珍,18137365806,partner131@company.com,山东省辽阳市六枝特刘路Y座 394591,82,132,2025-11-25 20:27:24.581553,2025-11-25 20:27:24.581554,0
张防务,supplier,朱秀芳,18228770845,partner132@company.com,甘肃省峰县白云梧州路R座 304253,72,133,2025-11-25 20:27:24.581555,2025-11-25 20:27:24.581556,0
梁探索公司,supplier,黎明,18872084108,partner133@company.com,湖北省兴城县长寿武汉路v座 937718,77,134,2025-11-25 20:27:24.581557,2025-11-25 20:27:24.581558,0
罗矩阵,customer,刘强,18520249514,partner134@company.com,台湾省通辽县东城严路V座 719142,69,135,2025-11-25 20:27:24.581559,2025-11-25 20:27:24.581560,0
简实验室,supplier,石华,15668146441,partner135@company.com,西藏自治区金凤市山亭台北路C座 261320,83,136,2025-11-25 20:27:24.581562,2025-11-25 20:27:24.581563,0
王动力,supplier,许涛,15852468845,partner136@company.com,山西省亮市西夏李路j座 163256,77,137,2025-11-25 20:27:24.581564,2025-11-25 20:27:24.581565,0
张实验室,customer,贺敏,15620904859,partner137@company.com,云南省勇县清城何路j座 258720,63,138,2025-11-25 20:27:24.581566,2025-11-25 20:27:24.581567,0
黄网络,customer,王瑞,15709354941,partner138@company.com,山西省沈阳县海陵合肥路d座 130854,64,139,2025-11-25 20:27:24.581568,2025-11-25 20:27:24.581569,0
杨动力,supplier,侯玲,14727072139,partner139@company.com,云南省南昌市长寿呼和浩特街N座 403352,83,140,2025-11-25 20:27:24.581621,2025-11-25 20:27:24.581625,0
徐工业,customer,段刚,15864960068,partner140@company.com,北京市广州市清城武路V座 265875,92,141,2025-11-25 20:27:24.581627,2025-11-25 20:27:24.581628,0
陈探索公司,supplier,杜伟,18128983281,partner141@company.com,湖北省沈阳市孝南鲁路N座 540567,60,142,2025-11-25 20:27:24.581630,2025-11-25 20:27:24.581631,0
岳网络,customer,詹明,14555869466,partner142@company.com,澳门特别行政区惠州县南长淮安街u座 359593,80,143,2025-11-25 20:27:24.581632,2025-11-25 20:27:24.581633,0
杨探索公司,customer,陈坤,18741707479,partner143@company.com,北京市佳市双滦潜江街c座 926293,94,144,2025-11-25 20:27:24.581634,2025-11-25 20:27:24.581635,0
谢工业,supplier,王岩,15357677542,partner144@company.com,云南省静市西夏梧州路a座 941714,80,145,2025-11-25 20:27:24.581636,2025-11-25 20:27:24.581637,0
李矩阵,supplier,骆晶,18619763163,partner145@company.com,天津市佛山县大兴柳州街f座 691041,81,146,2025-11-25 20:27:24.581639,2025-11-25 20:27:24.581640,0
欧阳矩阵,customer,林文,13807848078,partner146@company.com,江苏省凯市永川北镇路P座 279998,85,147,2025-11-25 20:27:24.581641,2025-11-25 20:27:24.581642,0
张动力,supplier,陈红霞,18125708541,partner147@company.com,上海市瑞县丰都萧路P座 550811,64,148,2025-11-25 20:27:24.581643,2025-11-25 20:27:24.581644,0
樊矩阵,supplier,蔡健,15633065958,partner148@company.com,上海市石家庄市长寿陆街G座 347653,62,149,2025-11-25 20:27:24.581645,2025-11-25 20:27:24.581646,0
廖实验室,customer,姚龙,13748579736,partner149@company.com,山西省杭州县合川张家港街c座 811274,73,150,2025-11-25 20:27:24.581647,2025-11-25 20:27:24.581648,0
曾实验室,supplier,林莹,15530780249,partner150@company.com,内蒙古自治区桂珍县黄浦陈街H座 195326,73,151,2025-11-25 20:27:24.581649,2025-11-25 20:27:24.581650,0
文重工,supplier,谢秀梅,18145334038,partner151@company.com,安徽省武汉县新城王街z座 614652,78,152,2025-11-25 20:27:24.581651,2025-11-25 20:27:24.581652,0
耿动力,supplier,张勇,18160530420,partner152@company.com,澳门特别行政区桂芳县浔阳周路v座 336049,80,153,2025-11-25 20:27:24.581654,2025-11-25 20:27:24.581655,0
兰生物科技,customer,翟秀珍,18280200557,partner153@company.com,上海市红市沈河陈街e座 358571,75,154,2025-11-25 20:27:24.581656,2025-11-25 20:27:24.581657,0
余系统,customer,刘琴,13250618497,partner154@company.com,安徽省波县魏都深圳路P座 147057,86,155,2025-11-25 20:27:24.581658,2025-11-25 20:27:24.581659,0
谢探索公司,customer,王欣,15536493951,partner155@company.com,辽宁省波县新城济南街G座 476754,65,156,2025-11-25 20:27:24.581660,2025-11-25 20:27:24.581661,0
田防务,customer,陈岩,18859471898,partner156@company.com,北京市银川县静安温街m座 284327,71,157,2025-11-25 20:27:24.581662,2025-11-25 20:27:24.581663,0
李联合体,supplier,蔡阳,13146337066,partner157@company.com,北京市福州县锡山李路J座 526741,74,158,2025-11-25 20:27:24.581664,2025-11-25 20:27:24.581665,0
杜系统,supplier,杜凤英,15719550072,partner158@company.com,山西省桂香县怀柔段路y座 121589,90,159,2025-11-25 20:27:24.581666,2025-11-25 20:27:24.581667,0
韦生物科技,supplier,陈波,18832809999,partner159@company.com,贵州省淮安县孝南郎路r座 322010,86,160,2025-11-25 20:27:24.581669,2025-11-25 20:27:24.581670,0
张动力,customer,夏宇,15791957316,partner160@company.com,海南省武汉市合川陈街Q座 165682,62,161,2025-11-25 20:27:24.581671,2025-11-25 20:27:24.581672,0
陈重工,customer,何琳,15307686735,partner161@company.com,宁夏回族自治区成都市普陀柳州街I座 178475,86,162,2025-11-25 20:27:24.581673,2025-11-25 20:27:24.581674,0
靳生物科技,customer,岑婷,13372855018,partner162@company.com,重庆市桂英县沙市通辽街G座 455760,64,163,2025-11-25 20:27:24.581675,2025-11-25 20:27:24.581676,0
庞网络,customer,朱楠,13908260124,partner163@company.com,甘肃省志强县锡山宜都路v座 714523,95,164,2025-11-25 20:27:24.581677,2025-11-25 20:27:24.581678,0
李联合体,customer,安桂芝,18666670624,partner164@company.com,江苏省勇县友好成都街B座 818980,81,165,2025-11-25 20:27:24.581679,2025-11-25 20:27:24.581680,0
路系统,customer,陈建国,13172834690,partner165@company.com,河北省辉市房山陈街l座 799454,83,166,2025-11-25 20:27:24.581682,2025-11-25 20:27:24.581682,0
车系统,customer,彭雪梅,13029320641,partner166@company.com,安徽省华市浔阳银川路k座 828157,61,167,2025-11-25 20:27:24.581684,2025-11-25 20:27:24.581685,0
毛重工,supplier,陈桂荣,15093671678,partner167@company.com,陕西省晨市江北重庆街e座 676549,63,168,2025-11-25 20:27:24.581686,2025-11-25 20:27:24.581687,0
胡生物科技,supplier,张秀华,15987702338,partner168@company.com,上海市坤市安次阎街j座 211151,71,169,2025-11-25 20:27:24.581688,2025-11-25 20:27:24.581689,0
张矩阵,supplier,李志强,15380464105,partner169@company.com,广东省长沙市萧山孙街i座 588064,87,170,2025-11-25 20:27:24.581690,2025-11-25 20:27:24.581691,0
周防务,supplier,王梅,13804161644,partner170@company.com,山西省红梅县山亭谢路b座 787275,86,171,2025-11-25 20:27:24.581692,2025-11-25 20:27:24.581693,0
张矩阵,supplier,陈秀兰,13765792004,partner171@company.com,宁夏回族自治区石家庄市西峰哈尔滨路C座 749269,63,172,2025-11-25 20:27:24.581694,2025-11-25 20:27:24.581695,0
钱网络,supplier,褚文,18189207005,partner172@company.com,广东省桂英县丰都香港路d座 472376,72,173,2025-11-25 20:27:24.581696,2025-11-25 20:27:24.581697,0
罗生物科技,supplier,翟玉梅,15198294762,partner173@company.com,内蒙古自治区玲县平山太原街z座 536085,70,174,2025-11-25 20:27:24.581699,2025-11-25 20:27:24.581700,0
莫动力,customer,齐军,18845288248,partner174@company.com,山西省银川市沈河合山街W座 209313,84,175,2025-11-25 20:27:24.581701,2025-11-25 20:27:24.581702,0
黄实验室,supplier,陈淑珍,13979829162,partner175@company.com,河南省潜江县新城姚路s座 964731,74,176,2025-11-25 20:27:24.581703,2025-11-25 20:27:24.581704,0
邓探索公司,customer,龚鹏,15317861456,partner176@company.com,天津市鹏县平山宁德街I座 277515,88,177,2025-11-25 20:27:24.581705,2025-11-25 20:27:24.581706,0
徐矩阵,customer,吴鑫,13122090432,partner177@company.com,安徽省雪县山亭兴安盟路p座 174749,96,178,2025-11-25 20:27:24.581707,2025-11-25 20:27:24.581708,0
何生物科技,supplier,丁涛,13330543616,partner178@company.com,新疆维吾尔自治区惠州县魏都王街x座 701223,72,179,2025-11-25 20:27:24.581709,2025-11-25 20:27:24.581710,0
陈网络,supplier,范莹,14534754038,partner179@company.com,甘肃省杰县魏都南昌路M座 687728,89,180,2025-11-25 20:27:24.581711,2025-11-25 20:27:24.581712,0
罗系统,customer,王兵,15846411198,partner180@company.com,甘肃省岩县新城梁街U座 503130,91,181,2025-11-25 20:27:24.581714,2025-11-25 20:27:24.581715,0
黄网络,supplier,周娜,15263607530,partner181@company.com,云南省邯郸县花溪惠州街G座 873703,63,182,2025-11-25 20:27:24.581716,2025-11-25 20:27:24.581717,0
叶网络,customer,黄英,15784623669,partner182@company.com,西藏自治区宜都县徐汇天津街F座 643927,96,183,2025-11-25 20:27:24.581718,2025-11-25 20:27:24.581719,0
聂矩阵,supplier,孙伟,14526349598,partner183@company.com,西藏自治区桂芝市大东重庆街v座 525813,71,184,2025-11-25 20:27:24.581720,2025-11-25 20:27:24.581721,0
周实验室,supplier,高秀英,13453753366,partner184@company.com,香港特别行政区欣县吉区应街E座 697551,73,185,2025-11-25 20:27:24.581722,2025-11-25 20:27:24.581723,0
李探索公司,supplier,邹桂香,18843685186,partner185@company.com,宁夏回族自治区关岭县城北涂路V座 913780,81,186,2025-11-25 20:27:24.581724,2025-11-25 20:27:24.581725,0
孙工业,customer,冯琳,13115669251,partner186@company.com,北京市倩县永川张路J座 174421,60,187,2025-11-25 20:27:24.581726,2025-11-25 20:27:24.581727,0
薛重工,supplier,陈梅,15281792698,partner187@company.com,澳门特别行政区潜江县长寿东莞路H座 743077,87,188,2025-11-25 20:27:24.581729,2025-11-25 20:27:24.581730,0
闭重工,supplier,白帅,18947814521,partner188@company.com,宁夏回族自治区淑兰市白云潜江街p座 377203,72,189,2025-11-25 20:27:24.581731,2025-11-25 20:27:24.581732,0
黄矩阵,supplier,张强,13781211287,partner189@company.com,湖南省潮州县高港潮州路C座 207403,70,190,2025-11-25 20:27:24.581733,2025-11-25 20:27:24.581734,0
罗矩阵,supplier,郑芳,13797555357,partner190@company.com,四川省慧市金平六安街a座 530019,68,191,2025-11-25 20:27:24.581735,2025-11-25 20:27:24.581736,0
何联合体,supplier,武静,18566161070,partner191@company.com,宁夏回族自治区嘉禾县六枝特张路n座 173355,76,192,2025-11-25 20:27:24.581737,2025-11-25 20:27:24.581738,0
范实验室,customer,王彬,15333716205,partner192@company.com,西藏自治区桂芝县梁平甘街f座 750989,61,193,2025-11-25 20:27:24.581739,2025-11-25 20:27:24.581740,0
何网络,supplier,孟秀兰,15236753259,partner193@company.com,云南省淮安市房山刘街h座 176602,71,194,2025-11-25 20:27:24.581741,2025-11-25 20:27:24.581742,0
张联合体,supplier,范志强,18822765490,partner194@company.com,河北省博市合川李街K座 797464,77,195,2025-11-25 20:27:24.581744,2025-11-25 20:27:24.581745,0
王防务,customer,张桂花,18523778970,partner195@company.com,西藏自治区宜都市涪城海门路I座 446916,88,196,2025-11-25 20:27:24.581746,2025-11-25 20:27:24.581748,0
郑探索公司,supplier,何梅,15331521025,partner196@company.com,云南省淑兰市沈河济南街A座 905576,67,197,2025-11-25 20:27:24.581749,2025-11-25 20:27:24.581750,0
李探索公司,customer,王杨,13016487554,partner197@company.com,江苏省杭州县牧野王街F座 103821,99,198,2025-11-25 20:27:24.581751,2025-11-25 20:27:24.581752,0
萧工业,customer,夏琳,15093572581,partner198@company.com,云南省琳县黄浦袁街p座 920346,89,199,2025-11-25 20:27:24.581753,2025-11-25 20:27:24.581754,0
周工业,customer,杨荣,14596433167,partner199@company.com,辽宁省沈阳市兴山石家庄路w座 431886,88,200,2025-11-25 20:27:24.581755,2025-11-25 20:27:24.581756,0
邹动力,supplier,辛玲,15839026077,partner200@company.com,浙江省天津县徐汇长沙路k座 305048,82,201,2025-11-25 20:27:24.581757,2025-11-25 20:27:24.581758,0
吴生物科技,supplier,刘红梅,18780611204,partner201@company.com,山西省鑫市淄川哈尔滨路h座 592153,83,202,2025-11-25 20:27:24.581759,2025-11-25 20:27:24.581760,0
蔡防务,customer,王瑜,13256052584,partner202@company.com,河北省大冶市璧山滕街B座 272778,72,203,2025-11-25 20:27:24.581761,2025-11-25 20:27:24.581762,0
郭探索公司,supplier,黄想,18877117379,partner203@company.com,天津市静县西峰关岭街b座 120265,96,204,2025-11-25 20:27:24.581764,2025-11-25 20:27:24.581765,0
林重工,customer,方娟,18569625146,partner204@company.com,台湾省北京市沈河刘街g座 282109,99,205,2025-11-25 20:27:24.581766,2025-11-25 20:27:24.581767,0
陈工业,customer,耿霞,13450828070,partner205@company.com,新疆维吾尔自治区合肥县海港梧州街K座 503993,94,206,2025-11-25 20:27:24.581768,2025-11-25 20:27:24.581769,0
陈重工,supplier,杨阳,18295592136,partner206@company.com,广西壮族自治区玉英县璧山田街X座 547987,88,207,2025-11-25 20:27:24.581770,2025-11-25 20:27:24.581771,0
杨网络,customer,赵玉英,18279926987,partner207@company.com,广东省潮州县城东齐齐哈尔路G座 683203,90,208,2025-11-25 20:27:24.581775,2025-11-25 20:27:24.581776,0
刘探索公司,customer,朱颖,13837393984,partner208@company.com,青海省合山县丰都王路M座 139957,80,209,2025-11-25 20:27:24.581777,2025-11-25 20:27:24.581778,0
冉生物科技,supplier,汪磊,14516689503,partner209@company.com,广东省秀华市沙湾王街w座 101101,62,210,2025-11-25 20:27:24.581779,2025-11-25 20:27:24.581780,0
杨动力,customer,彭柳,14594601283,partner210@company.com,台湾省娟市西夏沈阳街e座 171182,72,211,2025-11-25 20:27:24.581781,2025-11-25 20:27:24.581782,0
傅动力,customer,马宇,15683626830,partner211@company.com,澳门特别行政区长春县合川李街f座 349206,94,212,2025-11-25 20:27:24.581783,2025-11-25 20:27:24.581784,0
高探索公司,customer,杨晨,13594755818,partner212@company.com,山西省嘉禾县锡山辽阳路i座 323678,76,213,2025-11-25 20:27:24.581785,2025-11-25 20:27:24.581786,0
张实验室,customer,张倩,15812060030,partner213@company.com,甘肃省婷县海港连路y座 745249,92,214,2025-11-25 20:27:24.581788,2025-11-25 20:27:24.581789,0
朱工业,supplier,詹彬,15775087150,partner214@company.com,北京市郑州市翔安柳州路t座 828391,81,215,2025-11-25 20:27:24.581790,2025-11-25 20:27:24.581791,0
赵矩阵,supplier,宋强,15800019298,partner215@company.com,湖北省哈尔滨县朝阳池街H座 550841,73,216,2025-11-25 20:27:24.581792,2025-11-25 20:27:24.581793,0
孙防务,supplier,廖鹏,18774855770,partner216@company.com,广西壮族自治区雪县沙湾陈路h座 719849,71,217,2025-11-25 20:27:24.581794,2025-11-25 20:27:24.581795,0
王重工,customer,张斌,13497353920,partner217@company.com,湖北省南宁市朝阳周路C座 669566,87,218,2025-11-25 20:27:24.581796,2025-11-25 20:27:24.581797,0
吴工业,supplier,宋丽华,15006170441,partner218@company.com,福建省呼和浩特市徐汇张街b座 925459,87,219,2025-11-25 20:27:24.581798,2025-11-25 20:27:24.581799,0
吴探索公司,customer,刘海燕,18586656302,partner219@company.com,贵州省潮州市和平左路j座 972602,74,220,2025-11-25 20:27:24.581800,2025-11-25 20:27:24.581801,0
高网络,supplier,张兵,13524161607,partner220@company.com,黑龙江省峰市长寿巢湖街U座 554413,87,221,2025-11-25 20:27:24.581802,2025-11-25 20:27:24.581803,0
蔡工业,supplier,王杨,15320206502,partner221@company.com,广东省凯市吉区张家港路g座 354396,89,222,2025-11-25 20:27:24.581804,2025-11-25 20:27:24.581805,0
方工业,customer,杨旭,18190481349,partner222@company.com,青海省静市新城胡街a座 934896,72,223,2025-11-25 20:27:24.581806,2025-11-25 20:27:24.581807,0
杜工业,supplier,吴旭,13805276938,partner223@company.com,天津市广州县海陵梁路c座 925438,71,224,2025-11-25 20:27:24.581809,2025-11-25 20:27:24.581810,0
鞠联合体,supplier,刘鹏,18739801241,partner224@company.com,海南省璐市六枝特合山路R座 324691,70,225,2025-11-25 20:27:24.581811,2025-11-25 20:27:24.581812,0
张重工,supplier,徐飞,18261339682,partner225@company.com,西藏自治区岩市永川金街v座 569080,79,226,2025-11-25 20:27:24.581813,2025-11-25 20:27:24.581814,0
徐动力,customer,张军,15828522102,partner226@company.com,北京市合肥县闵行张路a座 291005,62,227,2025-11-25 20:27:24.581815,2025-11-25 20:27:24.581816,0
赵动力,supplier,柴秀芳,14532768205,partner227@company.com,吉林省宁德县花溪海口路i座 979574,72,228,2025-11-25 20:27:24.581817,2025-11-25 20:27:24.581818,0
陈网络,customer,张璐,13496722618,partner228@company.com,江西省重庆市龙潭上海街L座 761436,90,229,2025-11-25 20:27:24.581819,2025-11-25 20:27:24.581820,0
姜系统,supplier,潘东,18116691689,partner229@company.com,河南省南宁县金平兴安盟街k座 123007,63,230,2025-11-25 20:27:24.581821,2025-11-25 20:27:24.581822,0
管实验室,customer,张兰英,13299771787,partner230@company.com,广西壮族自治区兵市沈河海口街Y座 862152,82,231,2025-11-25 20:27:24.581823,2025-11-25 20:27:24.581824,0
王联合体,supplier,陈丽,13077944607,partner231@company.com,北京市娟市蓟州马鞍山路P座 528858,62,232,2025-11-25 20:27:24.581825,2025-11-25 20:27:24.581826,0
李联合体,supplier,潘成,15268637299,partner232@company.com,浙江省太原县南湖石家庄路s座 250297,67,233,2025-11-25 20:27:24.581828,2025-11-25 20:27:24.581829,0
张防务,supplier,李红,18206364359,partner233@company.com,浙江省马鞍山市长寿广州路H座 936037,97,234,2025-11-25 20:27:24.581830,2025-11-25 20:27:24.581831,0
李重工,supplier,司慧,13760588130,partner234@company.com,黑龙江省龙县魏都荆门街C座 886660,63,235,2025-11-25 20:27:24.581832,2025-11-25 20:27:24.581833,0
丁实验室,supplier,蓝刚,13601348385,partner235@company.com,北京市呼和浩特县高坪辽阳路K座 964544,77,236,2025-11-25 20:27:24.581834,2025-11-25 20:27:24.581835,0
屈网络,customer,赵飞,15592945242,partner236@company.com,湖南省太原县魏都关岭街C座 574123,86,237,2025-11-25 20:27:24.581836,2025-11-25 20:27:24.581837,0
任系统,customer,田淑华,18957015067,partner237@company.com,吉林省金凤县山亭覃街z座 638514,68,238,2025-11-25 20:27:24.581838,2025-11-25 20:27:24.581839,0
王工业,customer,李桂芝,13887390225,partner238@company.com,内蒙古自治区拉萨县上街西安街Q座 698445,62,239,2025-11-25 20:27:24.581840,2025-11-25 20:27:24.581841,0
王网络,supplier,史林,13649483603,partner239@company.com,宁夏回族自治区小红县蓟州哈尔滨街i座 898539,96,240,2025-11-25 20:27:24.581842,2025-11-25 20:27:24.581843,0
冯系统,supplier,廖强,18565624164,partner240@company.com,山西省贵阳市房山鲁街S座 552809,87,241,2025-11-25 20:27:24.581844,2025-11-25 20:27:24.581845,0
刘重工,customer,杨兰英,18685500003,partner241@company.com,安徽省斌市海港乌鲁木齐路D座 519372,60,242,2025-11-25 20:27:24.581846,2025-11-25 20:27:24.581847,0
许工业,supplier,杨瑞,13581041725,partner242@company.com,湖北省琳县清河倪街N座 625342,63,243,2025-11-25 20:27:24.581848,2025-11-25 20:27:24.581849,0
许实验室,customer,杨宇,13392431939,partner243@company.com,安徽省兰英县平山北京街W座 798617,89,244,2025-11-25 20:27:24.581851,2025-11-25 20:27:24.581851,0
彭重工,customer,陈华,15588614277,partner244@company.com,福建省荆门县平山海门路V座 544268,67,245,2025-11-25 20:27:24.581853,2025-11-25 20:27:24.581854,0
韦防务,customer,张雪,15683910060,partner245@company.com,江苏省英市清城荆门路c座 834009,88,246,2025-11-25 20:27:24.581855,2025-11-25 20:27:24.581856,0
王重工,customer,程龙,18119126817,partner246@company.com,福建省春梅县高坪廉街T座 886997,84,247,2025-11-25 20:27:24.581857,2025-11-25 20:27:24.581858,0
张重工,supplier,吴莹,18835029765,partner247@company.com,上海市冬梅县新城西宁路R座 454876,96,248,2025-11-25 20:27:24.581859,2025-11-25 20:27:24.581860,0
胡网络,supplier,卫建平,15114245905,partner248@company.com,四川省兰州市蓟州上海路C座 167440,61,249,2025-11-25 20:27:24.581861,2025-11-25 20:27:24.581862,0
陈矩阵,customer,傅玉英,18286078529,partner249@company.com,吉林省丽华县普陀巢湖街h座 762348,77,250,2025-11-25 20:27:24.581864,2025-11-25 20:27:24.581865,0
黄动力,customer,霍杰,15683660320,partner250@company.com,甘肃省秀华县翔安刘路Y座 412752,69,251,2025-11-25 20:27:24.581866,2025-11-25 20:27:24.581867,0
陈工业,supplier,萧娜,13914555089,partner251@company.com,湖北省东莞县永川长沙路M座 368250,83,252,2025-11-25 20:27:24.581868,2025-11-25 20:27:24.581869,0
张动力,customer,张欣,13418598998,partner252@company.com,湖南省云县高港姜街i座 501435,90,253,2025-11-25 20:27:24.581870,2025-11-25 20:27:24.581871,0
陆矩阵,customer,史涛,15197052628,partner253@company.com,广东省张家港市怀柔呼和浩特街m座 853089,65,254,2025-11-25 20:27:24.581872,2025-11-25 20:27:24.581873,0
薛实验室,customer,刘旭,13458847436,partner254@company.com,安徽省海口县沈北新天津路D座 982732,86,255,2025-11-25 20:27:24.581875,2025-11-25 20:27:24.581876,0
蒋网络,supplier,陈磊,18758162595,partner255@company.com,山西省晨县花溪梧州路s座 982132,77,256,2025-11-25 20:27:24.581877,2025-11-25 20:27:24.581878,0
郎矩阵,customer,李丽娟,18953840491,partner256@company.com,福建省合山市普陀吴街I座 532923,69,257,2025-11-25 20:27:24.581879,2025-11-25 20:27:24.581880,0
祝联合体,supplier,张畅,15137676871,partner257@company.com,陕西省斌市新城长春街Q座 202608,95,258,2025-11-25 20:27:24.581881,2025-11-25 20:27:24.581882,0
段防务,supplier,杨娜,14732744846,partner258@company.com,广西壮族自治区淑华县花溪尹路p座 553541,98,259,2025-11-25 20:27:24.581883,2025-11-25 20:27:24.581884,0
程系统,customer,黄艳,14559234076,partner259@company.com,福建省辽阳县龙潭邯郸路I座 453616,94,260,2025-11-25 20:27:24.581885,2025-11-25 20:27:24.581886,0
曹网络,supplier,张婷婷,14575490364,partner260@company.com,甘肃省太原县东丽张街B座 778603,84,261,2025-11-25 20:27:24.581887,2025-11-25 20:27:24.581888,0
郑实验室,customer,庞玉,18162928950,partner261@company.com,上海市台北市平山佛山路m座 310842,72,262,2025-11-25 20:27:24.581889,2025-11-25 20:27:24.581890,0
干工业,supplier,黄丹,15106703623,partner262@company.com,台湾省兰州县永川郝街X座 114441,75,263,2025-11-25 20:27:24.581891,2025-11-25 20:27:24.581892,0
鲍重工,supplier,王凤英,18611828621,partner263@company.com,贵州省平市黄浦通辽路C座 388832,81,264,2025-11-25 20:27:24.581894,2025-11-25 20:27:24.581895,0
杨系统,customer,韦春梅,15174781158,partner264@company.com,台湾省拉萨市朝阳齐齐哈尔街O座 366701,63,265,2025-11-25 20:27:24.581896,2025-11-25 20:27:24.581897,0
彭动力,customer,刘小红,18662964148,partner265@company.com,湖北省涛县崇文刁街U座 661387,67,266,2025-11-25 20:27:24.581898,2025-11-25 20:27:24.581899,0
骆网络,supplier,王利,18207161437,partner266@company.com,甘肃省勇市崇文沈阳路H座 323329,100,267,2025-11-25 20:27:24.581900,2025-11-25 20:27:24.581901,0
缪生物科技,customer,袁波,15330954239,partner267@company.com,湖南省秀芳县白云辽阳街X座 766137,72,268,2025-11-25 20:27:24.581902,2025-11-25 20:27:24.581903,0
贾动力,customer,贾娜,13680680856,partner268@company.com,江西省六盘水市南湖关岭街v座 907027,90,269,2025-11-25 20:27:24.581904,2025-11-25 20:27:24.581905,0
韩实验室,customer,林辉,15362696619,partner269@company.com,台湾省郑州市永川田路a座 418595,82,270,2025-11-25 20:27:24.581906,2025-11-25 20:27:24.581907,0
殷实验室,customer,贾龙,14502700546,partner270@company.com,四川省超市高明郑州路I座 510035,80,271,2025-11-25 20:27:24.581908,2025-11-25 20:27:24.581909,0
郝动力,supplier,彭玲,15977337118,partner271@company.com,北京市慧县长寿六安街A座 713316,99,272,2025-11-25 20:27:24.581910,2025-11-25 20:27:24.581911,0
雷网络,supplier,袁红梅,18712931606,partner272@company.com,湖南省想县花溪台北街I座 317130,72,273,2025-11-25 20:27:24.581912,2025-11-25 20:27:24.581913,0
李网络,supplier,王桂芳,15390947491,partner273@company.com,山西省东莞市滨城兴安盟街u座 935161,80,274,2025-11-25 20:27:24.581915,2025-11-25 20:27:24.581915,0
韩网络,customer,杨玲,15051324876,partner274@company.com,辽宁省齐齐哈尔县蓟州张路D座 432286,92,275,2025-11-25 20:27:24.581917,2025-11-25 20:27:24.581918,0
康防务,customer,彭峰,13053243896,partner275@company.com,上海市北京市璧山澳门路H座 929137,68,276,2025-11-25 20:27:24.581919,2025-11-25 20:27:24.581920,0
韩联合体,supplier,周军,15219331044,partner276@company.com,天津市博县吉区李路h座 601759,64,277,2025-11-25 20:27:24.581921,2025-11-25 20:27:24.581922,0
钟防务,supplier,张亮,13856294614,partner277@company.com,浙江省长春市大兴李街B座 371244,89,278,2025-11-25 20:27:24.581923,2025-11-25 20:27:24.581924,0
高防务,supplier,陈建军,18929614169,partner278@company.com,湖北省英市花溪姜路O座 793508,81,279,2025-11-25 20:27:24.581925,2025-11-25 20:27:24.581926,0
陈工业,supplier,程秀荣,13794223060,partner279@company.com,云南省天津县东丽柳州路s座 974486,65,280,2025-11-25 20:27:24.581927,2025-11-25 20:27:24.581928,0
张网络,customer,胡丽娟,14567130480,partner280@company.com,湖北省宜都县翔安佛山街u座 990081,92,281,2025-11-25 20:27:24.581929,2025-11-25 20:27:24.581930,0
凌联合体,supplier,孙博,15226589860,partner281@company.com,江苏省重庆县平山姬路J座 103027,71,282,2025-11-25 20:27:24.581931,2025-11-25 20:27:24.581932,0
黄实验室,customer,王丽娟,13600181200,partner282@company.com,湖北省嘉禾县锡山哈尔滨街d座 206104,63,283,2025-11-25 20:27:24.581933,2025-11-25 20:27:24.581934,0
李工业,customer,白燕,18533444839,partner283@company.com,福建省兰州市丰都辛集街s座 347568,66,284,2025-11-25 20:27:24.581936,2025-11-25 20:27:24.581936,0
吴系统,customer,薛涛,14794695150,partner284@company.com,澳门特别行政区长春县锡山哈尔滨路t座 266161,93,285,2025-11-25 20:27:24.581938,2025-11-25 20:27:24.581939,0
盛动力,supplier,张倩,13281808231,partner285@company.com,河南省桂荣县秀英卢街h座 890858,98,286,2025-11-25 20:27:24.581940,2025-11-25 20:27:24.581941,0
陈矩阵,supplier,叶秀珍,13942590861,partner286@company.com,台湾省秀云市沙市阜新路p座 953035,77,287,2025-11-25 20:27:24.581942,2025-11-25 20:27:24.581943,0
陈生物科技,supplier,张玉珍,15773667292,partner287@company.com,河南省玉英县丰都杭州街T座 690212,92,288,2025-11-25 20:27:24.581944,2025-11-25 20:27:24.581945,0
李工业,supplier,王秀荣,13926591769,partner288@company.com,黑龙江省霞市黄浦梁街I座 627606,71,289,2025-11-25 20:27:24.581946,2025-11-25 20:27:24.581947,0
康矩阵,customer,王帆,15773272153,partner289@company.com,青海省琳市安次李路o座 210583,78,290,2025-11-25 20:27:24.581948,2025-11-25 20:27:24.581949,0
唐防务,supplier,张辉,15330899783,partner290@company.com,陕西省丽华县海港台北路n座 771716,99,291,2025-11-25 20:27:24.581950,2025-11-25 20:27:24.581951,0
彭系统,customer,吕静,14573231130,partner291@company.com,河南省海燕市锡山香港街c座 352769,72,292,2025-11-25 20:27:24.581952,2025-11-25 20:27:24.581954,0
刘生物科技,customer,黄雪,18688050179,partner292@company.com,辽宁省拉萨县徐汇符路M座 349689,72,293,2025-11-25 20:27:24.581956,2025-11-25 20:27:24.581957,0
王动力,customer,陈兵,14518373401,partner293@company.com,北京市艳市滨城辽阳路F座 731187,69,294,2025-11-25 20:27:24.581958,2025-11-25 20:27:24.581959,0
吴网络,supplier,王海燕,13592187517,partner294@company.com,贵州省波县南湖福州街K座 581222,93,295,2025-11-25 20:27:24.581960,2025-11-25 20:27:24.581961,0
彭动力,customer,邵丹丹,13791605985,partner295@company.com,青海省丹丹市淄川海门路d座 686383,94,296,2025-11-25 20:27:24.581962,2025-11-25 20:27:24.581963,0
黄重工,supplier,韩秀华,18090891691,partner296@company.com,山西省六盘水市东丽六盘水路d座 839307,85,297,2025-11-25 20:27:24.581964,2025-11-25 20:27:24.581965,0
刘系统,supplier,李婷婷,15243266618,partner297@company.com,内蒙古自治区淑珍市永川曹街h座 103166,84,298,2025-11-25 20:27:24.581966,2025-11-25 20:27:24.581967,0
孙矩阵,customer,高玉华,18746321318,partner298@company.com,广西壮族自治区长沙市孝南李街Q座 132394,98,299,2025-11-25 20:27:24.581968,2025-11-25 20:27:24.581969,0
杨实验室,supplier,杨丹,13316272825,partner299@company.com,云南省阜新县永川哈尔滨路G座 616743,100,300,2025-11-25 20:27:24.581971,2025-11-25 20:27:24.581972,0
黄网络,supplier,李玉珍,18121330956,partner300@company.com,贵州省红市江北梧州路x座 897691,63,301,2025-11-25 20:27:24.581973,2025-11-25 20:27:24.581974,0
崔矩阵,customer,邓玉珍,15160802182,partner301@company.com,湖北省桂荣市沙市卢街S座 795260,81,302,2025-11-25 20:27:24.581975,2025-11-25 20:27:24.581976,0
范重工,customer,卢成,18627491357,partner302@company.com,安徽省玉兰县和平柳州路U座 196392,90,303,2025-11-25 20:27:24.581977,2025-11-25 20:27:24.581978,0
何防务,supplier,张飞,18266545933,partner303@company.com,新疆维吾尔自治区旭县长寿李街T座 468287,70,304,2025-11-25 20:27:24.581979,2025-11-25 20:27:24.581980,0
邵生物科技,customer,张丹丹,13179444261,partner304@company.com,重庆市济南市大兴巢湖路A座 893492,95,305,2025-11-25 20:27:24.581981,2025-11-25 20:27:24.581982,0
徐探索公司,supplier,张金凤,13544371273,partner305@company.com,香港特别行政区呼和浩特市孝南阎路Z座 446807,100,306,2025-11-25 20:27:24.581983,2025-11-25 20:27:24.581984,0
黄工业,customer,袁燕,13099791838,partner306@company.com,台湾省西宁市徐汇淮安路n座 714664,87,307,2025-11-25 20:27:24.581985,2025-11-25 20:27:24.581986,0
杨防务,supplier,贾楠,13064614654,partner307@company.com,湖南省柳县高明詹街P座 464639,67,308,2025-11-25 20:27:24.581987,2025-11-25 20:27:24.581988,0
高探索公司,customer,朱桂芝,14541112289,partner308@company.com,辽宁省齐齐哈尔市崇文关街E座 885612,72,309,2025-11-25 20:27:24.581989,2025-11-25 20:27:24.581990,0
吴重工,supplier,朱杰,14554704991,partner309@company.com,江西省太原市合川巢湖街Q座 725486,76,310,2025-11-25 20:27:24.581992,2025-11-25 20:27:24.581992,0
詹矩阵,supplier,裴颖,13519920825,partner310@company.com,宁夏回族自治区香港县朝阳张路I座 723063,70,311,2025-11-25 20:27:24.581994,2025-11-25 20:27:24.581995,0
马网络,customer,邹淑华,18602199938,partner311@company.com,台湾省杭州市海港通辽街e座 746301,64,312,2025-11-25 20:27:24.581996,2025-11-25 20:27:24.581997,0
郭生物科技,supplier,麻英,13409676050,partner312@company.com,浙江省张家港县长寿王街r座 498228,89,313,2025-11-25 20:27:24.581998,2025-11-25 20:27:24.581999,0
郭工业,supplier,游秀梅,18196065399,partner313@company.com,河南省柳州市丰都林路b座 138477,78,314,2025-11-25 20:27:24.582000,2025-11-25 20:27:24.582001,0
高实验室,customer,尚玉兰,15139416294,partner314@company.com,宁夏回族自治区飞县淄川李街O座 846236,64,315,2025-11-25 20:27:24.582002,2025-11-25 20:27:24.582003,0
侯联合体,supplier,张春梅,13769081140,partner315@company.com,内蒙古自治区杨市海港太原路e座 952729,93,316,2025-11-25 20:27:24.582004,2025-11-25 20:27:24.582005,0
邓重工,customer,张雷,15396991545,partner316@company.com,安徽省石家庄市长寿郑路A座 778655,98,317,2025-11-25 20:27:24.582006,2025-11-25 20:27:24.582007,0
梁生物科技,supplier,张凤英,18249514756,partner317@company.com,青海省成县闵行武汉路u座 943076,87,318,2025-11-25 20:27:24.582008,2025-11-25 20:27:24.582009,0
杨生物科技,customer,朱晶,15934070328,partner318@company.com,山西省柳县友好合肥街c座 194710,75,319,2025-11-25 20:27:24.582010,2025-11-25 20:27:24.582011,0
曹防务,customer,邢兰英,18737628590,partner319@company.com,北京市明市房山徐街X座 950030,98,320,2025-11-25 20:27:24.582012,2025-11-25 20:27:24.582013,0
严实验室,supplier,赵平,18043914266,partner320@company.com,台湾省阜新市永川通辽街Z座 272402,66,321,2025-11-25 20:27:24.582014,2025-11-25 20:27:24.582015,0
李网络,customer,贺倩,15538692876,partner321@company.com,香港特别行政区长春县南溪北京路A座 212053,65,322,2025-11-25 20:27:24.582016,2025-11-25 20:27:24.582017,0
张动力,supplier,李涛,18083007965,partner322@company.com,安徽省婷婷市清河哈尔滨街E座 808455,68,323,2025-11-25 20:27:24.582019,2025-11-25 20:27:24.582020,0
李系统,customer,罗旭,13196731275,partner323@company.com,湖南省宁德县合川梁路I座 240104,71,324,2025-11-25 20:27:24.582021,2025-11-25 20:27:24.582022,0
徐生物科技,customer,姜瑜,13815279190,partner324@company.com,西藏自治区宜都市永川张家港街U座 745782,85,325,2025-11-25 20:27:24.582023,2025-11-25 20:27:24.582024,0
陈系统,supplier,李丹,13606588677,partner325@company.com,上海市惠州县滨城吕路w座 194781,86,326,2025-11-25 20:27:24.582025,2025-11-25 20:27:24.582026,0
周网络,customer,萧建国,18029716315,partner326@company.com,澳门特别行政区龙市萧山郑街u座 700654,90,327,2025-11-25 20:27:24.582027,2025-11-25 20:27:24.582028,0
韦网络,customer,郭鹏,13162335035,partner327@company.com,内蒙古自治区上海市璧山林街g座 434438,92,328,2025-11-25 20:27:24.582029,2025-11-25 20:27:24.582030,0
李重工,supplier,陈晨,13223697980,partner328@company.com,贵州省淑华市上街辽阳街R座 333504,86,329,2025-11-25 20:27:24.582031,2025-11-25 20:27:24.582032,0
蔡联合体,customer,罗明,14584689957,partner329@company.com,安徽省鹏市龙潭何街x座 916251,90,330,2025-11-25 20:27:24.582033,2025-11-25 20:27:24.582034,0
马探索公司,supplier,张帆,15214072014,partner330@company.com,湖南省石家庄市西夏天津路D座 949566,81,331,2025-11-25 20:27:24.582035,2025-11-25 20:27:24.582036,0
陈系统,supplier,贾晨,14585295927,partner331@company.com,宁夏回族自治区超县城北兰州街M座 646963,73,332,2025-11-25 20:27:24.582037,2025-11-25 20:27:24.582038,0
余矩阵,customer,王浩,13328014369,partner332@company.com,西藏自治区张家港县闵行周街l座 939039,63,333,2025-11-25 20:27:24.582039,2025-11-25 20:27:24.582040,0
韩探索公司,supplier,李秀梅,13112077587,partner333@company.com,湖南省俊市南长兴安盟街H座 224604,87,334,2025-11-25 20:27:24.582042,2025-11-25 20:27:24.582043,0
刘系统,customer,杨玉珍,18195096875,partner334@company.com,陕西省婷市金平李路W座 921648,88,335,2025-11-25 20:27:24.582045,2025-11-25 20:27:24.582046,0
谈重工,supplier,潘丽丽,18938285378,partner335@company.com,云南省张家港县东城刘街y座 165444,84,336,2025-11-25 20:27:24.582047,2025-11-25 20:27:24.582048,0
熊实验室,supplier,黄波,13307846965,partner336@company.com,甘肃省玉兰市秀英成都路Z座 998675,97,337,2025-11-25 20:27:24.582049,2025-11-25 20:27:24.582050,0
徐系统,supplier,张莹,18871953511,partner337@company.com,江西省桂兰市淄川合山街Q座 135524,65,338,2025-11-25 20:27:24.582051,2025-11-25 20:27:24.582052,0
王动力,supplier,罗杨,13855348889,partner338@company.com,宁夏回族自治区太原县大兴巢湖路X座 359610,75,339,2025-11-25 20:27:24.582053,2025-11-25 20:27:24.582054,0
朴系统,supplier,赵成,14517306528,partner339@company.com,陕西省沈阳市海港天津街T座 714657,60,340,2025-11-25 20:27:24.582055,2025-11-25 20:27:24.582056,0
张重工,customer,王凤英,14768342641,partner340@company.com,上海市建国市秀英广州街C座 950706,98,341,2025-11-25 20:27:24.582057,2025-11-25 20:27:24.582058,0
陈工业,supplier,刘丽丽,13965889928,partner341@company.com,山东省晨县蓟州潜江街o座 737564,70,342,2025-11-25 20:27:24.582060,2025-11-25 20:27:24.582061,0
蔡矩阵,customer,余桂珍,15641357042,partner342@company.com,广东省金凤市崇文祝街x座 825981,62,343,2025-11-25 20:27:24.582062,2025-11-25 20:27:24.582063,0
禹网络,supplier,曹平,15570914474,partner343@company.com,广东省文市涪城王路K座 886755,83,344,2025-11-25 20:27:24.582064,2025-11-25 20:27:24.582065,0
贾联合体,supplier,徐红霞,18596329606,partner344@company.com,上海市晨县清城深圳路F座 596589,97,345,2025-11-25 20:27:24.582066,2025-11-25 20:27:24.582067,0
孙防务,customer,王淑英,13605301872,partner345@company.com,内蒙古自治区郑州县高港南宁街k座 886144,71,346,2025-11-25 20:27:24.582068,2025-11-25 20:27:24.582069,0
王防务,supplier,余建平,15054098181,partner346@company.com,山东省北镇市徐汇何街Y座 583780,69,347,2025-11-25 20:27:24.582070,2025-11-25 20:27:24.582071,0
唐工业,supplier,文秀珍,13009226922,partner347@company.com,辽宁省关岭市涪城太原街B座 290714,86,348,2025-11-25 20:27:24.582072,2025-11-25 20:27:24.582073,0
申系统,supplier,蔡桂珍,13821919902,partner348@company.com,云南省六盘水市涪城马鞍山路A座 483886,87,349,2025-11-25 20:27:24.582074,2025-11-25 20:27:24.582075,0
孙工业,customer,李秀云,13442170780,partner349@company.com,广西壮族自治区上海市萧山北京路e座 430277,95,350,2025-11-25 20:27:24.582076,2025-11-25 20:27:24.582077,0
谭防务,supplier,王婷,15043608407,partner350@company.com,江苏省贵阳市西峰佛山街v座 552911,68,351,2025-11-25 20:27:24.582078,2025-11-25 20:27:24.582079,0
赵动力,supplier,刘磊,15603819481,partner351@company.com,湖南省欣县上街吴路J座 552898,99,352,2025-11-25 20:27:24.582080,2025-11-25 20:27:24.582081,0
温探索公司,supplier,张淑华,13341146414,partner352@company.com,新疆维吾尔自治区静县永川廖街D座 384361,86,353,2025-11-25 20:27:24.582082,2025-11-25 20:27:24.582083,0
汤实验室,customer,齐博,13011991338,partner353@company.com,四川省长春市沙市西宁路w座 603847,76,354,2025-11-25 20:27:24.582085,2025-11-25 20:27:24.582086,0
王矩阵,supplier,余淑英,15952556694,partner354@company.com,江苏省西宁县静安黄街i座 111003,90,355,2025-11-25 20:27:24.582087,2025-11-25 20:27:24.582088,0
崔系统,customer,张琴,13629465591,partner355@company.com,内蒙古自治区梧州市涪城辽阳街Q座 996385,98,356,2025-11-25 20:27:24.582089,2025-11-25 20:27:24.582090,0
蔡防务,supplier,阎欢,15971271359,partner356@company.com,陕西省张家港市黄浦刘路s座 215984,82,357,2025-11-25 20:27:24.582091,2025-11-25 20:27:24.582092,0
吴实验室,supplier,张畅,18082146138,partner357@company.com,北京市张家港县朝阳荆门路a座 534311,84,358,2025-11-25 20:27:24.582093,2025-11-25 20:27:24.582094,0
董生物科技,customer,孙桂花,18629827362,partner358@company.com,西藏自治区建市蓟州梁街f座 834155,75,359,2025-11-25 20:27:24.582095,2025-11-25 20:27:24.582096,0
鞠实验室,supplier,秦丹丹,13243575415,partner359@company.com,湖北省丹县吉区大冶街d座 364254,79,360,2025-11-25 20:27:24.582097,2025-11-25 20:27:24.582098,0
姜联合体,supplier,刘欣,18287246393,partner360@company.com,江西省建国市金平淮安街A座 499737,86,361,2025-11-25 20:27:24.582099,2025-11-25 20:27:24.582100,0
王防务,supplier,刘成,15555250460,partner361@company.com,新疆维吾尔自治区张家港市合川北镇路y座 798056,62,362,2025-11-25 20:27:24.582101,2025-11-25 20:27:24.582102,0
宋探索公司,supplier,陈莹,14554459380,partner362@company.com,广西壮族自治区成都市龙潭马鞍山路O座 891896,72,363,2025-11-25 20:27:24.582103,2025-11-25 20:27:24.582104,0
柳系统,customer,金林,18243064109,partner363@company.com,湖南省彬县友好汕尾街G座 740772,92,364,2025-11-25 20:27:24.582106,2025-11-25 20:27:24.582106,0
杨重工,supplier,王平,13607580532,partner364@company.com,香港特别行政区帅市六枝特陈路p座 739731,90,365,2025-11-25 20:27:24.582108,2025-11-25 20:27:24.582109,0
王重工,supplier,罗超,15360602674,partner365@company.com,黑龙江省邯郸县淄川合山路S座 842808,99,366,2025-11-25 20:27:24.582110,2025-11-25 20:27:24.582111,0
李系统,customer,袁红梅,14769770984,partner366@company.com,浙江省海燕市和平梧州街T座 971774,87,367,2025-11-25 20:27:24.582112,2025-11-25 20:27:24.582113,0
余联合体,supplier,沈晨,13453304268,partner367@company.com,湖北省台北县双滦宋路e座 593367,84,368,2025-11-25 20:27:24.582114,2025-11-25 20:27:24.582115,0
杨系统,supplier,宋玉兰,18242277425,partner368@company.com,山西省海口县大兴潜江街Y座 219629,100,369,2025-11-25 20:27:24.582116,2025-11-25 20:27:24.582117,0
张重工,supplier,彭楠,14506456064,partner369@company.com,江西省宁市上街银川路s座 929540,67,370,2025-11-25 20:27:24.582118,2025-11-25 20:27:24.582119,0
孙动力,supplier,黄健,18133846547,partner370@company.com,青海省潮州县沙湾张路C座 354819,91,371,2025-11-25 20:27:24.582120,2025-11-25 20:27:24.582121,0
杨实验室,supplier,文志强,15815221402,partner371@company.com,福建省合山市沈北新欧路L座 762509,93,372,2025-11-25 20:27:24.582122,2025-11-25 20:27:24.582123,0
吴工业,customer,姜丹,18294556219,partner372@company.com,吉林省大冶县城东吴路Q座 217552,81,373,2025-11-25 20:27:24.582124,2025-11-25 20:27:24.582125,0
吴动力,customer,陈兰英,15208228008,partner373@company.com,西藏自治区刚县崇文张路U座 842479,90,374,2025-11-25 20:27:24.582126,2025-11-25 20:27:24.582127,0
李工业,supplier,曹丹丹,13208502865,partner374@company.com,北京市玉珍县门头沟通辽路s座 847187,94,375,2025-11-25 20:27:24.582128,2025-11-25 20:27:24.582129,0
杨联合体,supplier,李宇,13133656128,partner375@company.com,内蒙古自治区晶市淄川王路A座 483676,61,376,2025-11-25 20:27:24.582131,2025-11-25 20:27:24.582131,0
冯联合体,customer,刘玉梅,18290386630,partner376@company.com,海南省马鞍山市高明永安街q座 371506,79,377,2025-11-25 20:27:24.582133,2025-11-25 20:27:24.582134,0
蒋网络,customer,张丽丽,18235377144,partner377@company.com,台湾省长沙市孝南南昌街Z座 820160,73,378,2025-11-25 20:27:24.582136,2025-11-25 20:27:24.582137,0
吴系统,supplier,贾琴,15779487663,partner378@company.com,香港特别行政区雪市西夏魏街J座 535787,64,379,2025-11-25 20:27:24.582138,2025-11-25 20:27:24.582139,0
许网络,customer,刘洁,15693166615,partner379@company.com,湖南省雪县花溪白街y座 919816,75,380,2025-11-25 20:27:24.582140,2025-11-25 20:27:24.582141,0
宋工业,customer,刘娜,15195891949,partner380@company.com,广西壮族自治区淑英县江北东莞街e座 487419,68,381,2025-11-25 20:27:24.582142,2025-11-25 20:27:24.582143,0
金动力,customer,程莉,18040022283,partner381@company.com,广西壮族自治区玲市沈北新李路F座 317198,66,382,2025-11-25 20:27:24.582144,2025-11-25 20:27:24.582145,0
蔡矩阵,supplier,李雪,13619736793,partner382@company.com,浙江省玉珍县南长张街L座 849195,74,383,2025-11-25 20:27:24.582146,2025-11-25 20:27:24.582147,0
刘矩阵,supplier,李东,18279889620,partner383@company.com,上海市石家庄县东丽兴安盟街e座 291109,90,384,2025-11-25 20:27:24.582149,2025-11-25 20:27:24.582150,0
冀动力,customer,任雷,13083207965,partner384@company.com,上海市石家庄市安次高路f座 635188,100,385,2025-11-25 20:27:24.582151,2025-11-25 20:27:24.582152,0
高生物科技,supplier,李欢,13911961099,partner385@company.com,重庆市勇县徐汇刘街M座 871430,67,386,2025-11-25 20:27:24.582153,2025-11-25 20:27:24.582154,0
赵探索公司,supplier,阎淑英,18697390172,partner386@company.com,宁夏回族自治区英县高港沈路C座 187552,92,387,2025-11-25 20:27:24.582155,2025-11-25 20:27:24.582156,0
陈实验室,supplier,章阳,15395897465,partner387@company.com,北京市璐县沈河孙街x座 698374,61,388,2025-11-25 20:27:24.582157,2025-11-25 20:27:24.582158,0
韦网络,supplier,张畅,13161552420,partner388@company.com,山西省宜都县东城崔路O座 856023,70,389,2025-11-25 20:27:24.582159,2025-11-25 20:27:24.582160,0
李探索公司,customer,萧瑞,13715937843,partner389@company.com,西藏自治区兰州市黄浦辽阳街J座 663332,61,390,2025-11-25 20:27:24.582161,2025-11-25 20:27:24.582162,0
胡探索公司,supplier,刘刚,15928727764,partner390@company.com,内蒙古自治区畅县长寿呼和浩特街l座 457844,82,391,2025-11-25 20:27:24.582163,2025-11-25 20:27:24.582164,0
杨网络,supplier,艾燕,18216131587,partner391@company.com,山西省合山县南溪刘路G座 822351,80,392,2025-11-25 20:27:24.582165,2025-11-25 20:27:24.582166,0
唐动力,customer,刘秀兰,15143799090,partner392@company.com,新疆维吾尔自治区合山县沈北新北镇路y座 814084,86,393,2025-11-25 20:27:24.582168,2025-11-25 20:27:24.582169,0
贾实验室,supplier,陈英,14737449900,partner393@company.com,海南省金凤县沈河兴城路H座 166974,67,394,2025-11-25 20:27:24.582170,2025-11-25 20:27:24.582171,0
王探索公司,customer,贺峰,15235447503,partner394@company.com,江西省南昌市丰都张街m座 392243,75,395,2025-11-25 20:27:24.582172,2025-11-25 20:27:24.582173,0
王生物科技,supplier,叶红,13911476820,partner395@company.com,安徽省晶市花溪傅路T座 139114,97,396,2025-11-25 20:27:24.582174,2025-11-25 20:27:24.582175,0
戴矩阵,customer,廖刚,15377841141,partner396@company.com,北京市瑜县沙市庄街z座 187594,93,397,2025-11-25 20:27:24.582176,2025-11-25 20:27:24.582177,0
张工业,customer,李婷,15988460806,partner397@company.com,湖北省哈尔滨县花溪汪街F座 167960,86,398,2025-11-25 20:27:24.582178,2025-11-25 20:27:24.582179,0
陈生物科技,customer,朱静,13743726823,partner398@company.com,内蒙古自治区婷婷县双滦西安街S座 767640,89,399,2025-11-25 20:27:24.582180,2025-11-25 20:27:24.582181,0
段探索公司,supplier,段凤兰,13869166120,partner399@company.com,河南省西宁县浔阳六盘水路L座 162963,92,400,2025-11-25 20:27:24.582182,2025-11-25 20:27:24.582183,0
郑系统,customer,赵波,15309936161,partner400@company.com,吉林省杨市淄川喻街E座 380405,77,401,2025-11-25 20:27:24.582184,2025-11-25 20:27:24.582185,0
张动力,customer,张彬,13833020976,partner401@company.com,贵州省丹丹县沈河李街R座 844015,64,402,2025-11-25 20:27:24.582187,2025-11-25 20:27:24.582187,0
陈矩阵,customer,唐燕,15108182442,partner402@company.com,江苏省成都县静安永安路r座 361475,89,403,2025-11-25 20:27:24.582189,2025-11-25 20:27:24.582190,0
张系统,customer,徐兵,13576070716,partner403@company.com,广西壮族自治区桂英市丰都林街h座 793731,63,404,2025-11-25 20:27:24.582191,2025-11-25 20:27:24.582192,0
杨防务,supplier,段杰,15087531117,partner404@company.com,吉林省秀梅市璧山陈街e座 354547,93,405,2025-11-25 20:27:24.582193,2025-11-25 20:27:24.582194,0
吴矩阵,supplier,彭莉,15737138227,partner405@company.com,北京市秀荣市高坪沈阳路w座 451541,67,406,2025-11-25 20:27:24.582195,2025-11-25 20:27:24.582196,0
王动力,customer,许志强,18797982666,partner406@company.com,四川省柳州县海港柳州街T座 777354,97,407,2025-11-25 20:27:24.582197,2025-11-25 20:27:24.582198,0
刘防务,supplier,利帆,14560872525,partner407@company.com,湖北省永安县城北王街P座 763968,65,408,2025-11-25 20:27:24.582199,2025-11-25 20:27:24.582200,0
吴防务,customer,卢玉,15527986173,partner408@company.com,宁夏回族自治区兴城市魏都荆门街Y座 240476,88,409,2025-11-25 20:27:24.582201,2025-11-25 20:27:24.582202,0
李矩阵,customer,李荣,15769546252,partner409@company.com,浙江省海门市滨城成都街z座 121344,74,410,2025-11-25 20:27:24.582203,2025-11-25 20:27:24.582204,0
李探索公司,customer,杨淑兰,18150238070,partner410@company.com,澳门特别行政区哈尔滨市华龙马路L座 491543,65,411,2025-11-25 20:27:24.582205,2025-11-25 20:27:24.582206,0
彭探索公司,customer,曾晨,13915909284,partner411@company.com,上海市旭市门头沟贵阳路m座 833207,83,412,2025-11-25 20:27:24.582207,2025-11-25 20:27:24.582208,0
陈矩阵,supplier,徐淑兰,18790827127,partner412@company.com,江西省桂兰市双滦乌鲁木齐路V座 170835,76,413,2025-11-25 20:27:24.582209,2025-11-25 20:27:24.582210,0
王网络,customer,逯慧,14514200086,partner413@company.com,甘肃省梅县新城太原路R座 813189,71,414,2025-11-25 20:27:24.582212,2025-11-25 20:27:24.582213,0
王动力,supplier,张秀华,18906829698,partner414@company.com,湖北省合山县门头沟孙路d座 378284,80,415,2025-11-25 20:27:24.582214,2025-11-25 20:27:24.582215,0
董矩阵,customer,罗芳,13313133806,partner415@company.com,新疆维吾尔自治区北镇县海港马鞍山街r座 910632,92,416,2025-11-25 20:27:24.582216,2025-11-25 20:27:24.582217,0
谭实验室,customer,宋桂兰,18742849664,partner416@company.com,青海省上海县静安汕尾路M座 358754,97,417,2025-11-25 20:27:24.582218,2025-11-25 20:27:24.582219,0
李防务,customer,萧金凤,13433381963,partner417@company.com,甘肃省银川县永川长沙路b座 198931,89,418,2025-11-25 20:27:24.582220,2025-11-25 20:27:24.582221,0
赵实验室,supplier,詹建平,15766363594,partner418@company.com,福建省秀华县永川南宁路n座 182619,77,419,2025-11-25 20:27:24.582222,2025-11-25 20:27:24.582223,0
闵网络,customer,章淑兰,18766117433,partner419@company.com,新疆维吾尔自治区志强县白云拉萨街R座 554865,80,420,2025-11-25 20:27:24.582225,2025-11-25 20:27:24.582226,0
符网络,customer,金桂荣,15949699502,partner420@company.com,宁夏回族自治区贵阳市吉区合山路G座 984447,66,421,2025-11-25 20:27:24.582227,2025-11-25 20:27:24.582228,0
王工业,customer,胡欣,15725987882,partner421@company.com,河南省齐齐哈尔县朝阳刘街z座 693382,83,422,2025-11-25 20:27:24.582230,2025-11-25 20:27:24.582231,0
余系统,customer,周淑英,13215374992,partner422@company.com,山东省淑珍县梁平沈阳路H座 798179,70,423,2025-11-25 20:27:24.582232,2025-11-25 20:27:24.582233,0
陈重工,supplier,严秀荣,18961486161,partner423@company.com,江西省华县西峰吕街k座 616614,60,424,2025-11-25 20:27:24.582234,2025-11-25 20:27:24.582235,0
常动力,supplier,江芳,15294370977,partner424@company.com,西藏自治区马鞍山市西峰太原路n座 670076,91,425,2025-11-25 20:27:24.582236,2025-11-25 20:27:24.582237,0
申探索公司,customer,赵小红,13540558702,partner425@company.com,陕西省银川市城北贺街r座 828052,98,426,2025-11-25 20:27:24.582238,2025-11-25 20:27:24.582239,0
赵联合体,customer,谢丽,18171572317,partner426@company.com,天津市福州市南溪柳州路P座 398887,100,427,2025-11-25 20:27:24.582240,2025-11-25 20:27:24.582241,0
黄工业,supplier,刘杨,18574255104,partner427@company.com,辽宁省广州县南溪关岭街p座 324909,80,428,2025-11-25 20:27:24.582242,2025-11-25 20:27:24.582243,0
王动力,customer,张娟,15050918703,partner428@company.com,内蒙古自治区天津市永川刘街z座 388591,94,429,2025-11-25 20:27:24.582245,2025-11-25 20:27:24.582245,0
陈防务,supplier,祁佳,13955954934,partner429@company.com,台湾省萍市门头沟赵路f座 314822,71,430,2025-11-25 20:27:24.582247,2025-11-25 20:27:24.582248,0
诸探索公司,customer,周磊,14704679622,partner430@company.com,黑龙江省福州县新城合山路a座 766005,83,431,2025-11-25 20:27:24.582249,2025-11-25 20:27:24.582250,0
彭系统,supplier,吴波,14562329836,partner431@company.com,云南省宜都县华龙大冶路n座 938180,64,432,2025-11-25 20:27:24.582251,2025-11-25 20:27:24.582252,0
史生物科技,customer,杨林,14586043903,partner432@company.com,贵州省杭州县海陵北京街i座 499274,66,433,2025-11-25 20:27:24.582253,2025-11-25 20:27:24.582254,0
张重工,customer,傅丹丹,13704313630,partner433@company.com,山西省北镇市城东辽阳街u座 658211,60,434,2025-11-25 20:27:24.582255,2025-11-25 20:27:24.582256,0
胡系统,customer,张秀梅,15584800631,partner434@company.com,广东省西安县高坪汕尾街A座 687166,77,435,2025-11-25 20:27:24.582257,2025-11-25 20:27:24.582258,0
柴防务,supplier,韩俊,18539793904,partner435@company.com,河北省南京市门头沟宜都路E座 343746,99,436,2025-11-25 20:27:24.582259,2025-11-25 20:27:24.582260,0
赵实验室,supplier,周婷婷,18923673883,partner436@company.com,上海市太原市东城林路n座 733824,92,437,2025-11-25 20:27:24.582261,2025-11-25 20:27:24.582262,0
任矩阵,customer,邹涛,13244357185,partner437@company.com,宁夏回族自治区永安县兴山谭路Q座 184680,70,438,2025-11-25 20:27:24.582264,2025-11-25 20:27:24.582265,0
王联合体,customer,侯秀英,13730589906,partner438@company.com,宁夏回族自治区太原市东城商街h座 539729,85,439,2025-11-25 20:27:24.582266,2025-11-25 20:27:24.582267,0
杜工业,supplier,周丹丹,13673053600,partner439@company.com,四川省沈阳县徐汇昆明路j座 843928,85,440,2025-11-25 20:27:24.582268,2025-11-25 20:27:24.582269,0
曾生物科技,supplier,覃俊,15907425622,partner440@company.com,山西省柳州县永川宁德路W座 400686,97,441,2025-11-25 20:27:24.582270,2025-11-25 20:27:24.582271,0
彭网络,customer,翁玲,14599757764,partner441@company.com,内蒙古自治区阳县萧山李街L座 679688,83,442,2025-11-25 20:27:24.582272,2025-11-25 20:27:24.582273,0
杨网络,supplier,王秀珍,14531228319,partner442@company.com,湖南省六安市牧野梧州路Y座 481955,90,443,2025-11-25 20:27:24.582274,2025-11-25 20:27:24.582275,0
凌网络,supplier,孙斌,13701045233,partner443@company.com,新疆维吾尔自治区张家港县丰都乌鲁木齐街O座 465313,80,444,2025-11-25 20:27:24.582276,2025-11-25 20:27:24.582277,0
姚矩阵,supplier,吴东,15984049613,partner444@company.com,四川省梧州县孝南北京路Z座 811476,77,445,2025-11-25 20:27:24.582278,2025-11-25 20:27:24.582279,0
孙矩阵,customer,祁玉英,14556855563,partner445@company.com,广西壮族自治区鑫县江北李街R座 628214,82,446,2025-11-25 20:27:24.582280,2025-11-25 20:27:24.582281,0
陆生物科技,supplier,刘璐,18872995714,partner446@company.com,广西壮族自治区桂花县魏都嘉禾路w座 278779,70,447,2025-11-25 20:27:24.582283,2025-11-25 20:27:24.582284,0
徐网络,supplier,陈琳,13414929512,partner447@company.com,湖北省丽华县龙潭萧路V座 595822,91,448,2025-11-25 20:27:24.582285,2025-11-25 20:27:24.582286,0
孙探索公司,supplier,范霞,15247181986,partner448@company.com,台湾省宜都市清河韦路a座 130068,72,449,2025-11-25 20:27:24.582287,2025-11-25 20:27:24.582288,0
樊重工,supplier,曹桂花,15112827934,partner449@company.com,河南省平市黄浦兰州街j座 331668,72,450,2025-11-25 20:27:24.582289,2025-11-25 20:27:24.582290,0
郝防务,customer,范坤,13740603929,partner450@company.com,陕西省秀珍县滨城陈路T座 217127,74,451,2025-11-25 20:27:24.582291,2025-11-25 20:27:24.582292,0
朱防务,supplier,刘娜,18050587069,partner451@company.com,海南省莉市沈河海口街c座 845846,79,452,2025-11-25 20:27:24.582293,2025-11-25 20:27:24.582294,0
范探索公司,customer,李秀华,13728407236,partner452@company.com,北京市呼和浩特市永川大冶街x座 986641,64,453,2025-11-25 20:27:24.582295,2025-11-25 20:27:24.582296,0
杨联合体,supplier,白玉,13410400711,partner453@company.com,西藏自治区丽丽市魏都唐路z座 683869,86,454,2025-11-25 20:27:24.582297,2025-11-25 20:27:24.582298,0
徐矩阵,customer,郭玉英,18542285003,partner454@company.com,广西壮族自治区西宁市大东长春路Q座 506669,83,455,2025-11-25 20:27:24.582300,2025-11-25 20:27:24.582301,0
李工业,customer,刘丽华,13032466335,partner455@company.com,四川省淮安市秀英马鞍山路o座 403380,68,456,2025-11-25 20:27:24.582302,2025-11-25 20:27:24.582303,0
桂系统,customer,刘倩,18195632743,partner456@company.com,甘肃省柳州县高港陆路o座 343533,98,457,2025-11-25 20:27:24.582304,2025-11-25 20:27:24.582305,0
鞠探索公司,customer,鄢桂花,15015696093,partner457@company.com,黑龙江省丹县东城张街j座 181332,66,458,2025-11-25 20:27:24.582306,2025-11-25 20:27:24.582307,0
张生物科技,customer,汪瑞,13662353809,partner458@company.com,黑龙江省北镇县长寿永安街L座 362284,100,459,2025-11-25 20:27:24.582308,2025-11-25 20:27:24.582309,0
杨网络,customer,董婷婷,14501512964,partner459@company.com,江苏省北京县牧野宁德街o座 864941,88,460,2025-11-25 20:27:24.582310,2025-11-25 20:27:24.582311,0
李防务,customer,吴龙,13239022737,partner460@company.com,新疆维吾尔自治区旭县清河南宁路Q座 183531,83,461,2025-11-25 20:27:24.582312,2025-11-25 20:27:24.582313,0
叶矩阵,supplier,梁柳,13371089393,partner461@company.com,海南省秀珍市南湖韩路K座 319239,81,462,2025-11-25 20:27:24.582314,2025-11-25 20:27:24.582316,0
胡重工,customer,陈红,15827656406,partner462@company.com,上海市帅市吉区周街W座 946744,96,463,2025-11-25 20:27:24.582318,2025-11-25 20:27:24.582319,0
刘联合体,customer,刘博,14599166267,partner463@company.com,湖北省凤兰县静安冀路I座 347581,71,464,2025-11-25 20:27:24.582320,2025-11-25 20:27:24.582321,0
陈网络,supplier,陈浩,15645881243,partner464@company.com,辽宁省斌县涪城王街Q座 366094,89,465,2025-11-25 20:27:24.582322,2025-11-25 20:27:24.582323,0
井矩阵,customer,张琴,15907228437,partner465@company.com,山西省俊市长寿邵街H座 916019,89,466,2025-11-25 20:27:24.582324,2025-11-25 20:27:24.582325,0
杨探索公司,customer,陈兵,13591805208,partner466@company.com,广西壮族自治区合肥市黄浦邯郸街T座 466750,74,467,2025-11-25 20:27:24.582326,2025-11-25 20:27:24.582327,0
罗重工,customer,李娜,15865496991,partner467@company.com,北京市璐县丰都海门路J座 946615,62,468,2025-11-25 20:27:24.582328,2025-11-25 20:27:24.582329,0
曾系统,customer,邓莹,13833844641,partner468@company.com,青海省沈阳市东丽张街W座 901458,76,469,2025-11-25 20:27:24.582330,2025-11-25 20:27:24.582331,0
陈探索公司,supplier,杜凤英,18911263064,partner469@company.com,辽宁省丽市和平通辽路W座 846444,98,470,2025-11-25 20:27:24.582333,2025-11-25 20:27:24.582333,0
李矩阵,supplier,曹文,18908947475,partner470@company.com,青海省太原县花溪黄街h座 230304,91,471,2025-11-25 20:27:24.582335,2025-11-25 20:27:24.582336,0
林生物科技,customer,赵红,18744577343,partner471@company.com,黑龙江省佳县萧山韩路E座 816522,68,472,2025-11-25 20:27:24.582337,2025-11-25 20:27:24.582338,0
丁联合体,supplier,王鑫,15135091748,partner472@company.com,新疆维吾尔自治区秀珍市东丽西宁街D座 386405,75,473,2025-11-25 20:27:24.582339,2025-11-25 20:27:24.582340,0
胡实验室,customer,孟小红,15923497651,partner473@company.com,湖北省玉珍市沈北新通辽街f座 306475,86,474,2025-11-25 20:27:24.582341,2025-11-25 20:27:24.582342,0
李探索公司,customer,钟宇,15621673206,partner474@company.com,湖南省春梅市长寿罗路m座 303186,61,475,2025-11-25 20:27:24.582343,2025-11-25 20:27:24.582344,0
王系统,supplier,徐玉珍,15015769832,partner475@company.com,海南省凯县黄浦宫街R座 539168,68,476,2025-11-25 20:27:24.582345,2025-11-25 20:27:24.582346,0
梁动力,customer,凌勇,13138117017,partner476@company.com,重庆市银川市海陵台北路T座 571766,71,477,2025-11-25 20:27:24.582347,2025-11-25 20:27:24.582348,0
张网络,supplier,潘秀珍,15765721607,partner477@company.com,湖南省成县孝南兴安盟街Z座 570046,93,478,2025-11-25 20:27:24.582349,2025-11-25 20:27:24.582350,0
石生物科技,customer,简雪,13155485671,partner478@company.com,广东省贵阳县南长谢路b座 914107,97,479,2025-11-25 20:27:24.582352,2025-11-25 20:27:24.582353,0
徐实验室,supplier,吴凤兰,13167350897,partner479@company.com,四川省北镇县清河潜江街Z座 735021,93,480,2025-11-25 20:27:24.582354,2025-11-25 20:27:24.582355,0
吴联合体,customer,凌峰,13751090840,partner480@company.com,云南省大冶县普陀刘路B座 259778,73,481,2025-11-25 20:27:24.582356,2025-11-25 20:27:24.582357,0
郭工业,customer,王静,13887787536,partner481@company.com,广西壮族自治区南京市牧野杭州街a座 909258,65,482,2025-11-25 20:27:24.582358,2025-11-25 20:27:24.582359,0
何网络,customer,张淑华,13683501123,partner482@company.com,山西省桂芳县蓟州张路S座 185381,94,483,2025-11-25 20:27:24.582360,2025-11-25 20:27:24.582361,0
明联合体,customer,陈林,13199774022,partner483@company.com,山西省阜新县上街永安街Q座 483550,85,484,2025-11-25 20:27:24.582362,2025-11-25 20:27:24.582363,0
郑重工,customer,邬秀英,13755398304,partner484@company.com,贵州省呼和浩特县大兴六盘水路w座 308060,84,485,2025-11-25 20:27:24.582365,2025-11-25 20:27:24.582366,0
仇动力,customer,马林,13116369038,partner485@company.com,江西省哈尔滨县大东合肥路h座 580197,73,486,2025-11-25 20:27:24.582367,2025-11-25 20:27:24.582368,0
田工业,customer,刘想,14579063313,partner486@company.com,湖北省柳州县门头沟惠州街c座 683519,60,487,2025-11-25 20:27:24.582369,2025-11-25 20:27:24.582370,0
杜矩阵,supplier,李兰英,15825224354,partner487@company.com,甘肃省秀芳县西夏沈阳街O座 621148,80,488,2025-11-25 20:27:24.582371,2025-11-25 20:27:24.582372,0
刘联合体,customer,朱桂荣,13307497511,partner488@company.com,云南省沈阳市魏都高路d座 550357,77,489,2025-11-25 20:27:24.582373,2025-11-25 20:27:24.582374,0
马重工,supplier,邵玉,18259454255,partner489@company.com,台湾省梅县秀英南宁街n座 529527,95,490,2025-11-25 20:27:24.582375,2025-11-25 20:27:24.582376,0
廖矩阵,customer,马旭,13159108310,partner490@company.com,陕西省婷婷县永川成都路o座 764229,84,491,2025-11-25 20:27:24.582377,2025-11-25 20:27:24.582378,0
张实验室,supplier,杨雪梅,18780930406,partner491@company.com,青海省深圳县璧山陈路K座 414425,78,492,2025-11-25 20:27:24.582379,2025-11-25 20:27:24.582380,0
颜工业,supplier,方伟,18720582598,partner492@company.com,香港特别行政区贵阳县静安潘路o座 356610,100,493,2025-11-25 20:27:24.582382,2025-11-25 20:27:24.582383,0
李生物科技,customer,吴玉珍,13456263245,partner493@company.com,云南省秀芳市永川王路K座 812845,70,494,2025-11-25 20:27:24.582384,2025-11-25 20:27:24.582385,0
齐实验室,customer,马婷婷,13213499238,partner494@company.com,上海市淑珍县闵行夏街f座 451127,71,495,2025-11-25 20:27:24.582386,2025-11-25 20:27:24.582387,0
王系统,supplier,韩柳,15082668598,partner495@company.com,河北省晶县滨城殷路S座 544073,63,496,2025-11-25 20:27:24.582388,2025-11-25 20:27:24.582389,0
潘防务,customer,李佳,18772796065,partner496@company.com,重庆市玉县永川姚路E座 842623,69,497,2025-11-25 20:27:24.582390,2025-11-25 20:27:24.582391,0
刘网络,customer,郭海燕,18042529816,partner497@company.com,广东省昆明市浔阳张家港街e座 773360,98,498,2025-11-25 20:27:24.582392,2025-11-25 20:27:24.582393,0
高动力,customer,石婷,13689739094,partner498@company.com,海南省潜江县平山王路F座 783639,95,499,2025-11-25 20:27:24.582394,2025-11-25 20:27:24.582395,0
裴重工,supplier,亓博,13956178822,partner499@company.com,广东省荆门市萧山郑街n座 889075,70,500,2025-11-25 20:27:24.582397,2025-11-25 20:27:24.582398,0
王系统,customer,文帅,18728661744,partner500@company.com,陕西省璐市城北郑街a座 747810,62,501,2025-11-25 20:27:24.582399,2025-11-25 20:27:24.582400,0
陈生物科技,supplier,王晨,14752745254,partner501@company.com,吉林省张家港市合川西安街q座 729946,76,502,2025-11-25 20:27:24.582401,2025-11-25 20:27:24.582402,0
林矩阵,customer,廖建平,13475796023,partner502@company.com,贵州省银川县孝南广州路S座 136874,75,503,2025-11-25 20:27:24.582403,2025-11-25 20:27:24.582404,0
金重工,customer,杨慧,15732079746,partner503@company.com,内蒙古自治区兴城县静安沈阳街c座 872730,95,504,2025-11-25 20:27:24.582405,2025-11-25 20:27:24.582406,0
周矩阵,customer,龙楠,13697955048,partner504@company.com,台湾省成都县萧山深圳街X座 377428,64,505,2025-11-25 20:27:24.582408,2025-11-25 20:27:24.582409,0
陶系统,supplier,苏斌,15144787208,partner505@company.com,山西省嘉禾市锡山马街i座 438807,68,506,2025-11-25 20:27:24.582410,2025-11-25 20:27:24.582411,0
宋系统,customer,石明,15286186139,partner506@company.com,天津市建军市大东上海街F座 318217,90,507,2025-11-25 20:27:24.582412,2025-11-25 20:27:24.582413,0
王生物科技,customer,黄梅,13916495749,partner507@company.com,香港特别行政区丽娟县浔阳李路d座 596216,80,508,2025-11-25 20:27:24.582414,2025-11-25 20:27:24.582415,0
李系统,supplier,赵玉珍,13878648012,partner508@company.com,海南省大冶市龙潭颜路D座 956178,82,509,2025-11-25 20:27:24.582417,2025-11-25 20:27:24.582418,0
刘生物科技,supplier,张平,18173363143,partner509@company.com,广西壮族自治区惠州县沈北新鲍路o座 496169,89,510,2025-11-25 20:27:24.582419,2025-11-25 20:27:24.582420,0
刘网络,customer,沈兵,13124454273,partner510@company.com,吉林省浩县清城杭州街M座 269044,98,511,2025-11-25 20:27:24.582421,2025-11-25 20:27:24.582422,0
高联合体,supplier,周秀梅,15590159887,partner511@company.com,北京市欢县长寿宜都街k座 564924,75,512,2025-11-25 20:27:24.582423,2025-11-25 20:27:24.582424,0
何探索公司,supplier,李凯,14769172713,partner512@company.com,四川省佛山县城东李路e座 540944,81,513,2025-11-25 20:27:24.582425,2025-11-25 20:27:24.582426,0
黄工业,customer,王波,18965120959,partner513@company.com,河北省梅市城北江街T座 341148,86,514,2025-11-25 20:27:24.582428,2025-11-25 20:27:24.582429,0
陈工业,supplier,曾红霞,15257076630,partner514@company.com,云南省海门市沈北新鞠路y座 824516,86,515,2025-11-25 20:27:24.582430,2025-11-25 20:27:24.582431,0
罗生物科技,supplier,钟想,18001867358,partner515@company.com,黑龙江省小红市滨城齐齐哈尔路A座 918591,97,516,2025-11-25 20:27:24.582432,2025-11-25 20:27:24.582433,0
王动力,customer,王琴,18849114406,partner516@company.com,四川省沈阳市合川辛集街W座 903063,65,517,2025-11-25 20:27:24.582434,2025-11-25 20:27:24.582435,0
许矩阵,customer,孙志强,15079146744,partner517@company.com,江苏省潜江县翔安萧路F座 108046,77,518,2025-11-25 20:27:24.582437,2025-11-25 20:27:24.582438,0
梁动力,customer,姜丽娟,14541906847,partner518@company.com,安徽省哈尔滨市六枝特张路Z座 214161,99,519,2025-11-25 20:27:24.582439,2025-11-25 20:27:24.582440,0
孙重工,supplier,傅丹,15982778796,partner519@company.com,香港特别行政区太原市高港崔街E座 134554,75,520,2025-11-25 20:27:24.582441,2025-11-25 20:27:24.582442,0
金工业,customer,曾红,18525176290,partner520@company.com,上海市沈阳县门头沟佛山街j座 990335,76,521,2025-11-25 20:27:24.582443,2025-11-25 20:27:24.582444,0
孙矩阵,customer,王东,18513410388,partner521@company.com,江西省倩县丰都香港路k座 440415,99,522,2025-11-25 20:27:24.582445,2025-11-25 20:27:24.582446,0
李重工,customer,潘秀华,13764143288,partner522@company.com,宁夏回族自治区永安市西峰梁路E座 101083,78,523,2025-11-25 20:27:24.582448,2025-11-25 20:27:24.582449,0
王矩阵,customer,俞东,15805142291,partner523@company.com,山西省龙县长寿太原街o座 757195,80,524,2025-11-25 20:27:24.582450,2025-11-25 20:27:24.582451,0
李矩阵,supplier,许斌,18196361159,partner524@company.com,辽宁省旭市闵行银川路Y座 797052,72,525,2025-11-25 20:27:24.582452,2025-11-25 20:27:24.582453,0
董系统,customer,孙丽,13749950850,partner525@company.com,山东省楠市南长兴安盟街C座 771259,72,526,2025-11-25 20:27:24.582454,2025-11-25 20:27:24.582455,0
莫实验室,customer,劳博,15622653364,partner526@company.com,新疆维吾尔自治区林县城东辽阳路d座 829598,98,527,2025-11-25 20:27:24.582457,2025-11-25 20:27:24.582458,0
徐动力,supplier,刘桂兰,18297602727,partner527@company.com,西藏自治区燕县梁平李路Q座 246807,78,528,2025-11-25 20:27:24.582459,2025-11-25 20:27:24.582460,0
王防务,customer,齐杰,15943807116,partner528@company.com,山东省秀英市和平李街Y座 317255,80,529,2025-11-25 20:27:24.582461,2025-11-25 20:27:24.582462,0
阎防务,supplier,蒋涛,13779550598,partner529@company.com,河南省银川县山亭马路L座 217090,93,530,2025-11-25 20:27:24.582463,2025-11-25 20:27:24.582464,0
王探索公司,supplier,苏博,14575265839,partner530@company.com,河南省志强市高坪太原街n座 598848,67,531,2025-11-25 20:27:24.582465,2025-11-25 20:27:24.582466,0
孙探索公司,customer,张凯,15260127023,partner531@company.com,山东省沈阳县徐汇邓街r座 898024,100,532,2025-11-25 20:27:24.582468,2025-11-25 20:27:24.582469,0
卢工业,customer,陈博,18580916185,partner532@company.com,新疆维吾尔自治区斌市六枝特北京街M座 360022,62,533,2025-11-25 20:27:24.582470,2025-11-25 20:27:24.582471,0
梁生物科技,supplier,鞠志强,13298672895,partner533@company.com,吉林省丽县白云关岭街m座 106320,62,534,2025-11-25 20:27:24.582472,2025-11-25 20:27:24.582473,0
焦重工,customer,王伟,15147019678,partner534@company.com,宁夏回族自治区荣市高明惠州路f座 927490,100,535,2025-11-25 20:27:24.582474,2025-11-25 20:27:24.582475,0
黄生物科技,customer,孙海燕,15388114742,partner535@company.com,新疆维吾尔自治区彬县新城海口街L座 150150,89,536,2025-11-25 20:27:24.582477,2025-11-25 20:27:24.582478,0
王生物科技,supplier,王玉,15660483178,partner536@company.com,澳门特别行政区杨市怀柔天津街P座 443984,94,537,2025-11-25 20:27:24.582479,2025-11-25 20:27:24.582480,0
祝动力,customer,邓凤英,15594085438,partner537@company.com,内蒙古自治区鑫市清河沈路P座 892507,60,538,2025-11-25 20:27:24.582481,2025-11-25 20:27:24.582482,0
丁动力,supplier,封辉,18225042236,partner538@company.com,江苏省华县长寿黄路H座 805568,77,539,2025-11-25 20:27:24.582483,2025-11-25 20:27:24.582484,0
陈防务,supplier,王建,15917608213,partner539@company.com,贵州省秀梅市翔安张家港街F座 868194,76,540,2025-11-25 20:27:24.582486,2025-11-25 20:27:24.582487,0
袁防务,supplier,周雪梅,15526987724,partner540@company.com,山西省帅市六枝特海门街A座 836639,94,541,2025-11-25 20:27:24.582488,2025-11-25 20:27:24.582489,0
谢系统,supplier,吴洋,13637113390,partner541@company.com,四川省汕尾县城东李街d座 139092,69,542,2025-11-25 20:27:24.582490,2025-11-25 20:27:24.582491,0
苏生物科技,customer,崔雪,13574321260,partner542@company.com,河南省敏县徐汇谢路d座 622533,92,543,2025-11-25 20:27:24.582492,2025-11-25 20:27:24.582493,0
韩探索公司,customer,彭桂英,15390126980,partner543@company.com,福建省超县秀英嘉禾路a座 827399,100,544,2025-11-25 20:27:24.582495,2025-11-25 20:27:24.582496,0
柴工业,customer,齐辉,18093294375,partner544@company.com,湖北省莹市怀柔俞路a座 140477,95,545,2025-11-25 20:27:24.582497,2025-11-25 20:27:24.582498,0
胡实验室,supplier,孙雷,13666185963,partner545@company.com,河南省石家庄县龙潭姚路q座 171502,81,546,2025-11-25 20:27:24.582499,2025-11-25 20:27:24.582500,0
陈实验室,supplier,潘强,15683682949,partner546@company.com,甘肃省成市南湖重庆路b座 151963,99,547,2025-11-25 20:27:24.582501,2025-11-25 20:27:24.582502,0
蔡动力,customer,韦凤兰,15678825656,partner547@company.com,湖南省平县友好蔡街a座 773810,72,548,2025-11-25 20:27:24.582504,2025-11-25 20:27:24.582505,0
李系统,supplier,田帆,13405404083,partner548@company.com,广西壮族自治区桂花县萧山胡街S座 806537,76,549,2025-11-25 20:27:24.582507,2025-11-25 20:27:24.582508,0
罗生物科技,customer,赖瑞,15043150182,partner549@company.com,广西壮族自治区桂香市南溪杨路i座 287487,64,550,2025-11-25 20:27:24.582509,2025-11-25 20:27:24.582510,0
何工业,supplier,杨梅,15796529011,partner550@company.com,香港特别行政区郑州县西峰武汉街I座 188396,88,551,2025-11-25 20:27:24.582511,2025-11-25 20:27:24.582512,0
梁矩阵,supplier,王俊,14520615661,partner551@company.com,广东省想市吉区李路p座 154930,89,552,2025-11-25 20:27:24.582513,2025-11-25 20:27:24.582514,0
刘探索公司,customer,贾秀荣,13240057241,partner552@company.com,四川省南昌市滨城张路O座 939369,78,553,2025-11-25 20:27:24.582515,2025-11-25 20:27:24.582517,0
哈实验室,supplier,李坤,13177792962,partner553@company.com,上海市淑兰县山亭陈街K座 906429,65,554,2025-11-25 20:27:24.582518,2025-11-25 20:27:24.582519,0
何探索公司,supplier,陈丽华,13359291016,partner554@company.com,重庆市兴安盟县永川王路g座 133887,100,555,2025-11-25 20:27:24.582520,2025-11-25 20:27:24.582521,0
邵动力,supplier,苏玉珍,18240779201,partner555@company.com,海南省红市淄川葛街J座 828159,61,556,2025-11-25 20:27:24.582522,2025-11-25 20:27:24.582523,0
宋重工,supplier,余桂芝,13647091749,partner556@company.com,江西省凤英县徐汇王街U座 224653,88,557,2025-11-25 20:27:24.582524,2025-11-25 20:27:24.582525,0
位动力,customer,钟桂香,13015420727,partner557@company.com,青海省芳市房山海口路u座 305680,86,558,2025-11-25 20:27:24.582526,2025-11-25 20:27:24.582527,0
顾联合体,customer,胡帅,18981733204,partner558@company.com,黑龙江省秀英县翔安嘉禾路a座 679608,75,559,2025-11-25 20:27:24.582529,2025-11-25 20:27:24.582530,0
郭矩阵,supplier,阎荣,13671683619,partner559@company.com,陕西省哈尔滨县崇文罗街y座 837829,93,560,2025-11-25 20:27:24.582531,2025-11-25 20:27:24.582532,0
徐防务,customer,常晶,13998813402,partner560@company.com,黑龙江省健县永川农街A座 992154,70,561,2025-11-25 20:27:24.582533,2025-11-25 20:27:24.582534,0
苏工业,customer,杨玉梅,15953389532,partner561@company.com,天津市飞市秀英刘街P座 468755,66,562,2025-11-25 20:27:24.582535,2025-11-25 20:27:24.582536,0
逯实验室,supplier,李楠,14539991137,partner562@company.com,安徽省宇县魏都刘街l座 613667,80,563,2025-11-25 20:27:24.582537,2025-11-25 20:27:24.582538,0
张生物科技,supplier,吴晶,13433811714,partner563@company.com,北京市六盘水市南湖高路u座 216513,67,564,2025-11-25 20:27:24.582539,2025-11-25 20:27:24.582540,0
张防务,customer,姜霞,13153075985,partner564@company.com,湖南省佳市长寿深圳街t座 490654,87,565,2025-11-25 20:27:24.582542,2025-11-25 20:27:24.582543,0
王重工,customer,余佳,13469690754,partner565@company.com,山东省通辽市翔安合山路h座 655265,97,566,2025-11-25 20:27:24.582544,2025-11-25 20:27:24.582545,0
陈系统,customer,柳波,15755529150,partner566@company.com,江苏省建市安次成都路c座 923150,68,567,2025-11-25 20:27:24.582546,2025-11-25 20:27:24.582547,0
黄重工,supplier,陈建国,13657154336,partner567@company.com,上海市军市黄浦杨街C座 268019,82,568,2025-11-25 20:27:24.582548,2025-11-25 20:27:24.582549,0
秦系统,supplier,王颖,13847836324,partner568@company.com,内蒙古自治区郑州县璧山宁德路X座 581102,90,569,2025-11-25 20:27:24.582550,2025-11-25 20:27:24.582551,0
徐联合体,customer,尹杰,18226304609,partner569@company.com,湖南省玉县华龙张家港街z座 163230,96,570,2025-11-25 20:27:24.582553,2025-11-25 20:27:24.582554,0
邱防务,customer,张婷,15839858123,partner570@company.com,重庆市关岭市浔阳柳街a座 297139,91,571,2025-11-25 20:27:24.582555,2025-11-25 20:27:24.582556,0
梁防务,supplier,莫博,18109829703,partner571@company.com,宁夏回族自治区沈阳县大兴长春路k座 221795,82,572,2025-11-25 20:27:24.582557,2025-11-25 20:27:24.582558,0
劳联合体,supplier,田磊,18224849698,partner572@company.com,内蒙古自治区雪梅县孝南曾街Q座 738900,65,573,2025-11-25 20:27:24.582559,2025-11-25 20:27:24.582560,0
杜生物科技,supplier,李雷,15055019563,partner573@company.com,江西省欢县秀英熊路g座 684037,79,574,2025-11-25 20:27:24.582561,2025-11-25 20:27:24.582562,0
王动力,customer,龙东,15799993924,partner574@company.com,上海市石家庄县朝阳杭州街G座 192955,70,575,2025-11-25 20:27:24.582563,2025-11-25 20:27:24.582564,0
冯实验室,supplier,陈俊,18847984464,partner575@company.com,浙江省冬梅市江北陈街F座 484489,100,576,2025-11-25 20:27:24.582566,2025-11-25 20:27:24.582567,0
陈重工,customer,邵凤英,15311500415,partner576@company.com,广东省宁县大兴徐街M座 456742,96,577,2025-11-25 20:27:24.582568,2025-11-25 20:27:24.582569,0
张生物科技,supplier,雷欢,15775754003,partner577@company.com,山东省汕尾县东丽六安路O座 771364,63,578,2025-11-25 20:27:24.582570,2025-11-25 20:27:24.582571,0
邵工业,customer,权颖,15173681151,partner578@company.com,安徽省军市合川欧街z座 120049,78,579,2025-11-25 20:27:24.582572,2025-11-25 20:27:24.582573,0
柏动力,customer,邓瑜,15967275403,partner579@company.com,山西省淮安县锡山台北街N座 633750,85,580,2025-11-25 20:27:24.582574,2025-11-25 20:27:24.582575,0
江系统,supplier,陈飞,15878406755,partner580@company.com,云南省深圳县东城合山路V座 716442,79,581,2025-11-25 20:27:24.582576,2025-11-25 20:27:24.582577,0
周防务,supplier,吴丹丹,13170957892,partner581@company.com,吉林省玉市闵行刘路h座 369474,94,582,2025-11-25 20:27:24.582579,2025-11-25 20:27:24.582580,0
崔探索公司,supplier,王林,13845239878,partner582@company.com,山西省桂珍县璧山曾街c座 853559,98,583,2025-11-25 20:27:24.582581,2025-11-25 20:27:24.582582,0
覃网络,customer,朱桂芳,13617106219,partner583@company.com,四川省上海市双滦深圳路T座 195315,62,584,2025-11-25 20:27:24.582583,2025-11-25 20:27:24.582584,0
卜重工,customer,周平,18029375809,partner584@company.com,海南省红霞县六枝特巢湖街O座 130256,82,585,2025-11-25 20:27:24.582585,2025-11-25 20:27:24.582586,0
熊网络,supplier,马凤英,13087047132,partner585@company.com,香港特别行政区潮州市沙湾长沙路S座 723415,75,586,2025-11-25 20:27:24.582587,2025-11-25 20:27:24.582588,0
樊网络,customer,许秀芳,13394173725,partner586@company.com,四川省文市滨城朱街p座 134120,80,587,2025-11-25 20:27:24.582589,2025-11-25 20:27:24.582590,0
向系统,supplier,孟淑珍,13369488634,partner587@company.com,辽宁省丹丹市浔阳何街Q座 338965,74,588,2025-11-25 20:27:24.582592,2025-11-25 20:27:24.582593,0
刘工业,supplier,王玲,15996857096,partner588@company.com,云南省金凤市永川武汉路H座 110395,74,589,2025-11-25 20:27:24.582594,2025-11-25 20:27:24.582595,0
李网络,supplier,张勇,14560345832,partner589@company.com,四川省鹏市闵行吴街t座 114361,92,590,2025-11-25 20:27:24.582597,2025-11-25 20:27:24.582598,0
郑系统,supplier,梁晨,13395253422,partner590@company.com,山西省阜新县高明海门街T座 554598,88,591,2025-11-25 20:27:24.582599,2025-11-25 20:27:24.582600,0
李矩阵,customer,林俊,13811556561,partner591@company.com,台湾省杭州市怀柔张路o座 807524,68,592,2025-11-25 20:27:24.582601,2025-11-25 20:27:24.582603,0
杨矩阵,supplier,苏丽华,13322213204,partner592@company.com,广东省冬梅市白云昆明路O座 398178,71,593,2025-11-25 20:27:24.582604,2025-11-25 20:27:24.582605,0
李网络,supplier,许伟,13869614954,partner593@company.com,甘肃省成县上街姚路U座 515982,72,594,2025-11-25 20:27:24.582606,2025-11-25 20:27:24.582607,0
刘重工,supplier,钱艳,15978693185,partner594@company.com,青海省马鞍山县滨城六安街k座 860238,65,595,2025-11-25 20:27:24.582608,2025-11-25 20:27:24.582609,0
张重工,customer,高浩,15158162661,partner595@company.com,内蒙古自治区香港县永川李路d座 803169,79,596,2025-11-25 20:27:24.582610,2025-11-25 20:27:24.582611,0
陈重工,supplier,朱旭,14748725220,partner596@company.com,甘肃省郑州市静安马街j座 983072,84,597,2025-11-25 20:27:24.582613,2025-11-25 20:27:24.582614,0
赵网络,customer,段健,18758719485,partner597@company.com,福建省凤英市江北潜江路V座 771872,85,598,2025-11-25 20:27:24.582615,2025-11-25 20:27:24.582616,0
萧联合体,supplier,田玲,14549569684,partner598@company.com,上海市北京县静安海口街Y座 270473,84,599,2025-11-25 20:27:24.582617,2025-11-25 20:27:24.582618,0
梁联合体,supplier,韩伟,15595579260,partner599@company.com,贵州省淮安县牧野张路M座 715015,92,600,2025-11-25 20:27:24.582619,2025-11-25 20:27:24.582620,0
